,x10,x20,training_time,const_lambda,const_vel,x1,x2,t,psi,rho,p1,p2
0,15.0,-15.0,747.7557,0.0,3.0,15.0405445,-14.960994,0.0,0.81167364,-0.13440785,-0.092510946,-0.09750485
1,15.0,-15.0,747.7557,0.0,3.0,15.117324,-14.876896,0.037711356,0.82245064,-0.13312352,-0.09058089,-0.09755498
2,15.0,-15.0,747.7557,0.0,3.0,15.193164,-14.791981,0.07542271,0.83323544,-0.131978,-0.088753186,-0.09767838
3,15.0,-15.0,747.7557,0.0,3.0,15.268055,-14.706261,0.113134064,0.8440561,-0.13095674,-0.0870125,-0.097869776
4,15.0,-15.0,747.7557,0.0,3.0,15.341996,-14.619738,0.15084542,0.85494095,-0.13004729,-0.08534523,-0.09812487
5,15.0,-15.0,747.7557,0.0,3.0,15.414993,-14.532417,0.18855676,0.86591667,-0.12923798,-0.08373874,-0.09843922
6,15.0,-15.0,747.7557,0.0,3.0,15.48703,-14.444303,0.22626813,0.8770088,-0.1285195,-0.08218227,-0.0988096
7,15.0,-15.0,747.7557,0.0,3.0,15.5581,-14.355405,0.2639795,0.888243,-0.12788418,-0.08066632,-0.09923361
8,15.0,-15.0,747.7557,0.0,3.0,15.628185,-14.265725,0.30169085,0.8996424,-0.12732624,-0.07918292,-0.09970976
9,15.0,-15.0,747.7557,0.0,3.0,15.697263,-14.175267,0.33940217,0.9112294,-0.12684128,-0.07772512,-0.100237295
10,15.0,-15.0,747.7557,0.0,3.0,15.765309,-14.084041,0.37711352,0.923025,-0.12642694,-0.07628736,-0.10081671
11,15.0,-15.0,747.7557,0.0,3.0,15.832282,-13.992037,0.4148249,0.93504906,-0.12608215,-0.07486493,-0.10144926
12,15.0,-15.0,747.7557,0.0,3.0,15.898156,-13.899263,0.45253626,0.9473206,-0.1258071,-0.07345379,-0.102137014
13,15.0,-15.0,747.7557,0.0,3.0,15.962882,-13.80571,0.4902476,0.9598584,-0.12560329,-0.07205056,-0.10288296
14,15.0,-15.0,747.7557,0.0,3.0,16.026413,-13.711372,0.527959,0.9726786,-0.12547293,-0.0706523,-0.10369045
15,15.0,-15.0,747.7557,0.0,3.0,16.088717,-13.616256,0.5656703,0.9857984,-0.12541899,-0.06925607,-0.10456348
16,15.0,-15.0,747.7557,0.0,3.0,16.149734,-13.520348,0.6033817,0.99923307,-0.12544446,-0.06785887,-0.10550586
17,15.0,-15.0,747.7557,0.0,3.0,16.209415,-13.42364,0.641093,1.0129979,-0.12555239,-0.066457346,-0.10652147
18,15.0,-15.0,747.7557,0.0,3.0,16.267712,-13.326138,0.67880434,1.0271077,-0.12574564,-0.06504775,-0.10761392
19,15.0,-15.0,747.7557,0.0,3.0,16.324577,-13.227833,0.7165157,1.0415763,-0.12602575,-0.06362539,-0.10878557
20,15.0,-15.0,747.7557,0.0,3.0,16.37996,-13.128724,0.75422704,1.0564164,-0.12639329,-0.062184878,-0.11003774
21,15.0,-15.0,747.7557,0.0,3.0,16.433807,-13.028814,0.7919385,1.0716422,-0.12684694,-0.060719483,-0.11137006
22,15.0,-15.0,747.7557,0.0,3.0,16.486069,-12.928106,0.8296498,1.0872651,-0.12738329,-0.05922157,-0.112779915
23,15.0,-15.0,747.7557,0.0,3.0,16.536694,-12.826609,0.8673611,1.103297,-0.1279964,-0.057682265,-0.11426213
24,15.0,-15.0,747.7557,0.0,3.0,16.58562,-12.72433,0.9050725,1.1197486,-0.1286772,-0.056091517,-0.11580831
25,15.0,-15.0,747.7557,0.0,3.0,16.632803,-12.621283,0.94278383,1.1366303,-0.12941393,-0.054438483,-0.11740706
26,15.0,-15.0,747.7557,0.0,3.0,16.678185,-12.517478,0.9804952,1.1539516,-0.1301916,-0.05271163,-0.11904342
27,15.0,-15.0,747.7557,0.0,3.0,16.721708,-12.412935,1.0182065,1.1717193,-0.13099249,-0.0508995,-0.1206991
28,15.0,-15.0,747.7557,0.0,3.0,16.763317,-12.307669,1.055918,1.1899415,-0.13179617,-0.048990503,-0.12235261
29,15.0,-15.0,747.7557,0.0,3.0,16.80295,-12.2017,1.0936292,1.2086227,-0.13258025,-0.046974204,-0.12397963
30,15.0,-15.0,747.7557,0.0,3.0,16.84055,-12.09504,1.1313406,1.2277668,-0.13332103,-0.044841424,-0.12555376
31,15.0,-15.0,747.7557,0.0,3.0,16.876057,-11.98772,1.1690519,1.247375,-0.13399456,-0.042585127,-0.12704743
32,15.0,-15.0,747.7557,0.0,3.0,16.909409,-11.879757,1.2067634,1.2674476,-0.13457671,-0.04020045,-0.12843214
33,15.0,-15.0,747.7557,0.0,3.0,16.940548,-11.771175,1.2444748,1.2879803,-0.13504505,-0.037685793,-0.12968017
34,15.0,-15.0,747.7557,0.0,3.0,16.96942,-11.662004,1.282186,1.3089689,-0.13537902,-0.035042334,-0.1307651
35,15.0,-15.0,747.7557,0.0,3.0,16.995964,-11.552271,1.3198974,1.3304049,-0.13556081,-0.032274704,-0.13166274
36,15.0,-15.0,747.7557,0.0,3.0,17.02012,-11.44201,1.3576087,1.3522794,-0.13557577,-0.029390391,-0.13235179
37,15.0,-15.0,747.7557,0.0,3.0,17.041836,-11.331253,1.3953202,1.3745778,-0.13541324,-0.026400419,-0.13281478
38,15.0,-15.0,747.7557,0.0,3.0,17.061054,-11.220045,1.4330314,1.3972857,-0.1350668,-0.023318112,-0.13303874
39,15.0,-15.0,747.7557,0.0,3.0,17.077726,-11.108431,1.4707428,1.4203849,-0.13453421,-0.02015927,-0.13301526
40,15.0,-15.0,747.7557,0.0,3.0,17.091793,-10.996462,1.5084541,1.4438545,-0.13381697,-0.016941391,-0.13274024
41,15.0,-15.0,747.7557,0.0,3.0,17.10322,-10.88419,1.5461655,1.4676731,-0.13292104,-0.013682969,-0.1322149
42,15.0,-15.0,747.7557,0.0,3.0,17.111944,-10.771669,1.583877,1.4918154,-0.13185546,-0.010403235,-0.13144441
43,15.0,-15.0,747.7557,0.0,3.0,17.11793,-10.658968,1.6215882,1.5162545,-0.13063274,-0.0071214107,-0.13043849
44,15.0,-15.0,747.7557,0.0,3.0,17.121136,-10.546152,1.6592996,1.5409629,-0.1292678,-0.0038559248,-0.12921028
45,15.0,-15.0,747.7557,0.0,3.0,17.121534,-10.4332905,1.6970109,1.5659093,-0.12777759,-0.0006244543,-0.12777607
46,15.0,-15.0,747.7557,0.0,3.0,17.119085,-10.3204565,1.7347223,1.591063,-0.12618059,0.0025570884,-0.12615468
47,15.0,-15.0,747.7557,0.0,3.0,17.113766,-10.207723,1.7724336,1.6163905,-0.1244957,0.005674308,-0.12436632
48,15.0,-15.0,747.7557,0.0,3.0,17.105562,-10.0951605,1.810145,1.6418577,-0.12274245,0.008714913,-0.12243268
49,15.0,-15.0,747.7557,0.0,3.0,17.09446,-9.982855,1.8478564,1.6674292,-0.12093955,0.011668557,-0.120375335
50,15.0,-15.0,747.7557,0.0,3.0,17.080454,-9.870874,1.8855677,1.6930698,-0.119105324,0.014527162,-0.118216075
51,15.0,-15.0,747.7557,0.0,3.0,17.06354,-9.759297,1.923279,1.718742,-0.11725639,0.017284364,-0.11597548
52,15.0,-15.0,747.7557,0.0,3.0,17.043737,-9.648196,1.9609904,1.7444087,-0.11540812,0.01993578,-0.11367321
53,15.0,-15.0,747.7557,0.0,3.0,17.021057,-9.537643,1.9987018,1.7700328,-0.11357412,0.022478696,-0.111327395
54,15.0,-15.0,747.7557,0.0,3.0,16.995527,-9.42771,2.036413,1.7955761,-0.111765906,0.02491169,-0.108954236
55,15.0,-15.0,747.7557,0.0,3.0,16.967169,-9.318459,2.0741246,1.8210009,-0.109993055,0.02723452,-0.10656807
56,15.0,-15.0,747.7557,0.0,3.0,16.936033,-9.209962,2.111836,1.8462704,-0.10826313,0.029447917,-0.104181215
57,15.0,-15.0,747.7557,0.0,3.0,16.902155,-9.102276,2.149547,1.8713473,-0.106581874,0.031553194,-0.10180419
58,15.0,-15.0,747.7557,0.0,3.0,16.865582,-8.995462,2.1872585,1.8961943,-0.10495336,0.033552114,-0.09944579
59,15.0,-15.0,747.7557,0.0,3.0,16.826376,-8.889572,2.22497,1.9207776,-0.10338022,0.035447028,-0.09711322
60,15.0,-15.0,747.7557,0.0,3.0,16.784594,-8.78466,2.2626812,1.9450614,-0.101863354,0.03724008,-0.09481202
61,15.0,-15.0,747.7557,0.0,3.0,16.740297,-8.68077,2.3003926,1.9690131,-0.10040298,0.03893379,-0.09254684
62,15.0,-15.0,747.7557,0.0,3.0,16.69355,-8.577947,2.3381038,1.9926003,-0.09899834,0.04053061,-0.09032132
63,15.0,-15.0,747.7557,0.0,3.0,16.644424,-8.476225,2.3758154,2.015793,-0.097648114,0.042033114,-0.08813837
64,15.0,-15.0,747.7557,0.0,3.0,16.592997,-8.375643,2.4135268,2.0385635,-0.09635038,0.043443847,-0.08600016
65,15.0,-15.0,747.7557,0.0,3.0,16.539331,-8.27623,2.451238,2.060884,-0.095102996,0.04476529,-0.08390857
66,15.0,-15.0,747.7557,0.0,3.0,16.483503,-8.178008,2.4889495,2.0827327,-0.09390412,0.046000462,-0.081865385
67,15.0,-15.0,747.7557,0.0,3.0,16.425592,-8.081001,2.5266607,2.1040854,-0.0927514,0.04715189,-0.07987191
68,15.0,-15.0,747.7557,0.0,3.0,16.36567,-7.985223,2.564372,2.124924,-0.0916429,0.048222646,-0.07792944
69,15.0,-15.0,747.7557,0.0,3.0,16.30381,-7.8906856,2.6020832,2.1452317,-0.0905769,0.049215946,-0.07603924
70,15.0,-15.0,747.7557,0.0,3.0,16.240088,-7.7973967,2.6397948,2.1649938,-0.089551836,0.050135054,-0.07420248
71,15.0,-15.0,747.7557,0.0,3.0,16.17458,-7.7053566,2.6775062,2.1841993,-0.08856651,0.050983615,-0.07242029
72,15.0,-15.0,747.7557,0.0,3.0,16.107357,-7.614568,2.7152174,2.2028396,-0.087619685,0.051765233,-0.07069349
73,15.0,-15.0,747.7557,0.0,3.0,16.038486,-7.5250187,2.752929,2.2209077,-0.086710766,0.052483868,-0.06902319
74,15.0,-15.0,747.7557,0.0,3.0,15.968044,-7.436705,2.7906404,2.2384007,-0.085838996,0.05314348,-0.06740998
75,15.0,-15.0,747.7557,0.0,3.0,15.896097,-7.349615,2.8283515,2.2553165,-0.08500402,0.053748157,-0.065854535
76,15.0,-15.0,747.7557,0.0,3.0,15.822712,-7.263727,2.8660629,2.2716577,-0.084205344,0.05430203,-0.06435705
77,15.0,-15.0,747.7557,0.0,3.0,15.747951,-7.179029,2.9037743,2.2874281,-0.08344253,0.05480912,-0.06291754
78,15.0,-15.0,747.7557,0.0,3.0,15.671886,-7.095496,2.9414856,2.3026338,-0.08271529,0.055273477,-0.061535858
79,15.0,-15.0,747.7557,0.0,3.0,15.594572,-7.013102,2.979197,2.3172815,-0.0820232,0.05569891,-0.06021161
80,15.0,-15.0,747.7557,0.0,3.0,15.51607,-6.931827,3.0169082,2.3313825,-0.08136572,0.056089155,-0.058943935
81,15.0,-15.0,747.7557,0.0,3.0,15.436435,-6.851639,3.0546198,2.344948,-0.080742195,0.05644766,-0.057731826
82,15.0,-15.0,747.7557,0.0,3.0,15.355724,-6.772515,3.092331,2.357992,-0.08015168,0.05677757,-0.056573834
83,15.0,-15.0,747.7557,0.0,3.0,15.273994,-6.694423,3.1300423,2.3705266,-0.07959338,0.057081833,-0.05546865
84,15.0,-15.0,747.7557,0.0,3.0,15.19129,-6.617331,3.167754,2.38257,-0.079065874,0.057363003,-0.05441414
85,15.0,-15.0,747.7557,0.0,3.0,15.10766,-6.5412164,3.205465,2.3941374,-0.07856804,0.057623457,-0.053408563
86,15.0,-15.0,747.7557,0.0,3.0,15.023154,-6.4660454,3.2431765,2.405247,-0.0780981,0.05786505,-0.052449502
87,15.0,-15.0,747.7557,0.0,3.0,14.937816,-6.3917894,3.2808876,2.4159176,-0.07765439,0.058089495,-0.051534604
88,15.0,-15.0,747.7557,0.0,3.0,14.851679,-6.3184166,3.3185992,2.4261656,-0.07723499,0.05829799,-0.05066151
89,15.0,-15.0,747.7557,0.0,3.0,14.7647915,-6.2459054,3.3563106,2.4360132,-0.076837726,0.05849164,-0.04982735
90,15.0,-15.0,747.7557,0.0,3.0,14.677189,-6.1742244,3.3940217,2.445476,-0.07646048,0.058671046,-0.049029723
91,15.0,-15.0,747.7557,0.0,3.0,14.5889015,-6.1033473,3.4317334,2.4545763,-0.07610078,0.05883669,-0.04826565
92,15.0,-15.0,747.7557,0.0,3.0,14.499964,-6.0332527,3.4694445,2.463331,-0.07575661,0.05898899,-0.04753276
93,15.0,-15.0,747.7557,0.0,3.0,14.410404,-5.9639125,3.507156,2.4717605,-0.07542529,0.059127837,-0.046828125
94,15.0,-15.0,747.7557,0.0,3.0,14.320256,-5.895306,3.5448673,2.4798841,-0.0751043,0.059253056,-0.04614902
95,15.0,-15.0,747.7557,0.0,3.0,14.229544,-5.827412,3.5825787,2.4877198,-0.07479128,0.059364386,-0.04549292
96,15.0,-15.0,747.7557,0.0,3.0,14.138291,-5.76021,3.62029,2.495285,-0.07448395,0.059461504,-0.04485743
97,15.0,-15.0,747.7557,0.0,3.0,14.046526,-5.693683,3.6580012,2.5025995,-0.07418,0.059544038,-0.044240035
98,15.0,-15.0,747.7557,0.0,3.0,13.954261,-5.627811,3.6957128,2.5096796,-0.07387704,0.059611302,-0.043638393
99,15.0,-15.0,747.7557,0.0,3.0,13.861516,-5.5625825,3.7334242,2.5165412,-0.07357305,0.05966282,-0.04305046
100,15.0,-15.0,747.7557,0.0,3.0,13.768322,-5.4979773,3.7711353,2.5232024,-0.073266,0.059698068,-0.04247408
101,15.0,-15.0,747.7557,0.0,3.0,13.674689,-5.433984,3.8088467,2.5296779,-0.07295407,0.059716526,-0.041907437
102,15.0,-15.0,747.7557,0.0,3.0,13.5806265,-5.370593,3.846558,2.5359836,-0.07263538,0.05971758,-0.041348636
103,15.0,-15.0,747.7557,0.0,3.0,13.486159,-5.307789,3.8842695,2.5421324,-0.07230873,0.059700996,-0.040796362
104,15.0,-15.0,747.7557,0.0,3.0,13.3913,-5.245563,3.9219809,2.5481398,-0.07197263,0.05966637,-0.040249024
105,15.0,-15.0,747.7557,0.0,3.0,13.296049,-5.183909,3.9596922,2.554017,-0.071626015,0.059613407,-0.039705515
106,15.0,-15.0,747.7557,0.0,3.0,13.200438,-5.1228127,3.9974036,2.5597785,-0.07126799,0.05954206,-0.039164655
107,15.0,-15.0,747.7557,0.0,3.0,13.10446,-5.062273,4.035115,2.5654352,-0.07089774,0.059452172,-0.038625505
108,15.0,-15.0,747.7557,0.0,3.0,13.008137,-5.0022793,4.072826,2.570997,-0.07051478,0.05934379,-0.038087394
109,15.0,-15.0,747.7557,0.0,3.0,12.911472,-4.942827,4.1105375,2.5764763,-0.07011878,0.05921715,-0.037549593
110,15.0,-15.0,747.7557,0.0,3.0,12.814475,-4.883911,4.148249,2.5818806,-0.06970968,0.059072543,-0.037011817
111,15.0,-15.0,747.7557,0.0,3.0,12.7171545,-4.8255296,4.1859603,2.5872192,-0.069287464,0.05891031,-0.03647366
112,15.0,-15.0,747.7557,0.0,3.0,12.61952,-4.7676725,4.223672,2.5925,-0.06885223,0.058730844,-0.03593491
113,15.0,-15.0,747.7557,0.0,3.0,12.521577,-4.710343,4.261383,2.5977323,-0.06840456,0.058534984,-0.035395477
114,15.0,-15.0,747.7557,0.0,3.0,12.423328,-4.6535316,4.299094,2.6029203,-0.06794496,0.05832331,-0.03485555
115,15.0,-15.0,747.7557,0.0,3.0,12.324785,-4.5972404,4.336806,2.60807,-0.06747417,0.05809667,-0.034315318
116,15.0,-15.0,747.7557,0.0,3.0,12.225945,-4.541466,4.374517,2.6131883,-0.06699293,0.057855938,-0.033774886
117,15.0,-15.0,747.7557,0.0,3.0,12.1268215,-4.486206,4.4122286,2.6182778,-0.06650216,0.057602,-0.03323473
118,15.0,-15.0,747.7557,0.0,3.0,12.027415,-4.431458,4.44994,2.6233444,-0.066003345,0.057336334,-0.032695364
119,15.0,-15.0,747.7557,0.0,3.0,11.927731,-4.3772235,4.487651,2.6283891,-0.06549727,0.05705966,-0.03215724
120,15.0,-15.0,747.7557,0.0,3.0,11.827767,-4.323498,4.5253625,2.6334147,-0.06498514,0.056773134,-0.031620875
121,15.0,-15.0,747.7557,0.0,3.0,11.727538,-4.270281,4.563074,2.6384256,-0.06446858,0.05647833,-0.03108691
122,15.0,-15.0,747.7557,0.0,3.0,11.627039,-4.2175736,4.6007853,2.6434202,-0.063948765,0.05617626,-0.030556057
123,15.0,-15.0,747.7557,0.0,3.0,11.526277,-4.1653705,4.638497,2.6484013,-0.06342736,0.05586849,-0.030029008
124,15.0,-15.0,747.7557,0.0,3.0,11.425254,-4.113673,4.6762075,2.6533685,-0.06290566,0.05555622,-0.02950642
125,15.0,-15.0,747.7557,0.0,3.0,11.323968,-4.0624814,4.713919,2.6583211,-0.06238489,0.055240538,-0.028988918
126,15.0,-15.0,747.7557,0.0,3.0,11.222428,-4.01179,4.751631,2.66326,-0.061867073,0.054923337,-0.02847739
127,15.0,-15.0,747.7557,0.0,3.0,11.120638,-3.9616048,4.789342,2.6681833,-0.06135318,0.0546055,-0.027972344
128,15.0,-15.0,747.7557,0.0,3.0,11.018597,-3.9119196,4.8270535,2.6730895,-0.060844842,0.054288518,-0.027474564
129,15.0,-15.0,747.7557,0.0,3.0,10.916307,-3.8627326,4.8647647,2.6779766,-0.060343433,0.05397366,-0.026984701
130,15.0,-15.0,747.7557,0.0,3.0,10.813775,-3.8140454,4.902476,2.6828449,-0.059850384,0.05366232,-0.02650329
131,15.0,-15.0,747.7557,0.0,3.0,10.7109995,-3.765853,4.9401875,2.6876888,-0.05936651,0.053355187,-0.026030872
132,15.0,-15.0,747.7557,0.0,3.0,10.607983,-3.7181556,4.977899,2.6925075,-0.058893524,0.053053916,-0.025568128
133,15.0,-15.0,747.7557,0.0,3.0,10.504736,-3.6709528,5.0156097,2.6972985,-0.05843244,0.052759487,-0.025115468
134,15.0,-15.0,747.7557,0.0,3.0,10.401257,-3.624239,5.0533214,2.7020574,-0.057984054,0.05247264,-0.024673315
135,15.0,-15.0,747.7557,0.0,3.0,10.297548,-3.5780132,5.0910325,2.7067835,-0.057549473,0.05219452,-0.024241984
136,15.0,-15.0,747.7557,0.0,3.0,10.193615,-3.5322733,5.128744,2.7114716,-0.05712939,0.051925775,-0.023821862
137,15.0,-15.0,747.7557,0.0,3.0,10.089458,-3.4870143,5.1664557,2.7161193,-0.056724716,0.05166734,-0.023413239
138,15.0,-15.0,747.7557,0.0,3.0,9.985087,-3.4422348,5.2041664,2.7207232,-0.056335904,0.051419698,-0.023016272
139,15.0,-15.0,747.7557,0.0,3.0,9.880502,-3.397931,5.241878,2.72528,-0.055963527,0.051183477,-0.022631135
140,15.0,-15.0,747.7557,0.0,3.0,9.775706,-3.354098,5.2795897,2.7297866,-0.05560783,0.050958984,-0.022257868
141,15.0,-15.0,747.7557,0.0,3.0,9.670708,-3.3107338,5.317301,2.7342381,-0.05526938,0.050746802,-0.021896716
142,15.0,-15.0,747.7557,0.0,3.0,9.565508,-3.2678308,5.3550124,2.7386336,-0.054948036,0.05054695,-0.021547435
143,15.0,-15.0,747.7557,0.0,3.0,9.460114,-3.225386,5.392724,2.7429671,-0.05464398,0.05035964,-0.021210171
144,15.0,-15.0,747.7557,0.0,3.0,9.35453,-3.1833935,5.4304347,2.7472377,-0.054357328,0.05018511,-0.020884778
145,15.0,-15.0,747.7557,0.0,3.0,9.248758,-3.1418478,5.4681463,2.7514412,-0.054087773,0.050023157,-0.020571118
146,15.0,-15.0,747.7557,0.0,3.0,9.142807,-3.1007411,5.505858,2.755574,-0.0538352,0.049873754,-0.020269116
147,15.0,-15.0,747.7557,0.0,3.0,9.036682,-3.0600715,5.543569,2.759633,-0.05359935,0.049736768,-0.019978598
148,15.0,-15.0,747.7557,0.0,3.0,8.930384,-3.0198267,5.5812807,2.7636173,-0.053379703,0.04961183,-0.01969922
149,15.0,-15.0,747.7557,0.0,3.0,8.823924,-2.980005,5.6189914,2.7675214,-0.053176135,0.049498867,-0.019430995
150,15.0,-15.0,747.7557,0.0,3.0,8.717302,-2.9405947,5.656703,2.7713451,-0.05298791,0.049397334,-0.019173473
151,15.0,-15.0,747.7557,0.0,3.0,8.610527,-2.9015887,5.6944146,2.775084,-0.052814856,0.049307115,-0.018926634
152,15.0,-15.0,747.7557,0.0,3.0,8.503605,-2.8629806,5.7321258,2.778737,-0.0526562,0.0492276,-0.018690072
153,15.0,-15.0,747.7557,0.0,3.0,8.396538,-2.8247592,5.7698374,2.7823002,-0.05251147,0.049158394,-0.018463658
154,15.0,-15.0,747.7557,0.0,3.0,8.289331,-2.7869174,5.8075485,2.7857728,-0.052380346,0.049099304,-0.018247165
155,15.0,-15.0,747.7557,0.0,3.0,8.181994,-2.7494469,5.8452597,2.7891517,-0.05226221,0.049049802,-0.018040381
156,15.0,-15.0,747.7557,0.0,3.0,8.074528,-2.712334,5.8829713,2.7924364,-0.052156556,0.049009517,-0.017843025
157,15.0,-15.0,747.7557,0.0,3.0,7.9669404,-2.6755726,5.920683,2.7956223,-0.05206298,0.048978087,-0.01765506
158,15.0,-15.0,747.7557,0.0,3.0,7.8592362,-2.6391501,5.958394,2.7987096,-0.051981233,0.04895537,-0.017476283
159,15.0,-15.0,747.7557,0.0,3.0,7.751419,-2.6030567,5.996105,2.801697,-0.051910806,0.048940964,-0.017306475
160,15.0,-15.0,747.7557,0.0,3.0,7.6434937,-2.5672803,6.033817,2.8045819,-0.051851664,0.04893487,-0.01714566
161,15.0,-15.0,747.7557,0.0,3.0,7.535469,-2.5318124,6.071528,2.8073633,-0.051803395,0.048936773,-0.016993653
162,15.0,-15.0,747.7557,0.0,3.0,7.4273453,-2.4966395,6.1092396,2.810039,-0.05176606,0.048946764,-0.016850496
163,15.0,-15.0,747.7557,0.0,3.0,7.31913,-2.4617498,6.1469507,2.8126082,-0.051739752,0.048965,-0.016716186
164,15.0,-15.0,747.7557,0.0,3.0,7.2108254,-2.4271314,6.184662,2.8150697,-0.051724367,0.048991423,-0.016590677
165,15.0,-15.0,747.7557,0.0,3.0,7.1024375,-2.3927712,6.2223735,2.8174222,-0.05172017,0.049026337,-0.016474042
166,15.0,-15.0,747.7557,0.0,3.0,6.993971,-2.358659,6.2600846,2.8196642,-0.051727794,0.049070384,-0.016366493
167,15.0,-15.0,747.7557,0.0,3.0,6.885429,-2.3247786,6.2977962,2.8217947,-0.051747218,0.04912358,-0.016268017
168,15.0,-15.0,747.7557,0.0,3.0,6.776818,-2.2911198,6.335508,2.8238134,-0.051779255,0.049186755,-0.01617883
169,15.0,-15.0,747.7557,0.0,3.0,6.6681414,-2.2576687,6.3732185,2.8257165,-0.051824618,0.04926057,-0.016099287
170,15.0,-15.0,747.7557,0.0,3.0,6.559403,-2.2244115,6.41093,2.8275063,-0.0518839,0.04934569,-0.016029408
171,15.0,-15.0,747.7557,0.0,3.0,6.4506054,-2.1913342,6.448642,2.8291805,-0.05195803,0.049443,-0.015969556
172,15.0,-15.0,747.7557,0.0,3.0,6.3417573,-2.1584258,6.486353,2.8307366,-0.05204799,0.04955344,-0.015920112
173,15.0,-15.0,747.7557,0.0,3.0,6.232857,-2.1256692,6.5240645,2.8321757,-0.052154962,0.04967819,-0.015881358
174,15.0,-15.0,747.7557,0.0,3.0,6.123915,-2.0930529,6.561775,2.8334947,-0.052280027,0.04981827,-0.015853748
175,15.0,-15.0,747.7557,0.0,3.0,6.0149302,-2.0605607,6.599487,2.8346934,-0.052424524,0.04997498,-0.01583767
176,15.0,-15.0,747.7557,0.0,3.0,5.9059057,-2.0281804,6.6371984,2.8357713,-0.05258976,0.050149594,-0.01583354
177,15.0,-15.0,747.7557,0.0,3.0,5.796855,-1.9958977,6.6749096,2.8367262,-0.052777067,0.05034336,-0.015841872
178,15.0,-15.0,747.7557,0.0,3.0,5.68777,-1.9636974,6.712621,2.837557,-0.052988056,0.05055782,-0.015863199
179,15.0,-15.0,747.7557,0.0,3.0,5.5786624,-1.9315648,6.7503324,2.8382618,-0.053224135,0.05079429,-0.01589808
180,15.0,-15.0,747.7557,0.0,3.0,5.4695363,-1.8994869,6.7880435,2.8388407,-0.053486988,0.05105438,-0.015947044
181,15.0,-15.0,747.7557,0.0,3.0,5.360393,-1.8674486,6.825755,2.8392916,-0.05377807,0.051339447,-0.016010685
182,15.0,-15.0,747.7557,0.0,3.0,5.251239,-1.835436,6.8634667,2.8396132,-0.054099135,0.05165113,-0.01608966
183,15.0,-15.0,747.7557,0.0,3.0,5.142077,-1.8034339,6.901178,2.8398042,-0.054451767,0.0519909,-0.016184608
184,15.0,-15.0,747.7557,0.0,3.0,5.032912,-1.7714288,6.938889,2.8398623,-0.054837584,0.052360225,-0.016296238
185,15.0,-15.0,747.7557,0.0,3.0,4.923748,-1.7394056,6.9766006,2.8397872,-0.0552581,0.052760508,-0.016425166
186,15.0,-15.0,747.7557,0.0,3.0,4.814593,-1.707351,7.014312,2.839576,-0.055714834,0.053193104,-0.016572166
187,15.0,-15.0,747.7557,0.0,3.0,4.7054467,-1.6752492,7.0520234,2.8392277,-0.056209367,0.053659424,-0.016737953
188,15.0,-15.0,747.7557,0.0,3.0,4.596316,-1.6430874,7.0897346,2.8387418,-0.056742992,0.054160625,-0.016923174
189,15.0,-15.0,747.7557,0.0,3.0,4.487205,-1.6108491,7.1274457,2.838115,-0.05731723,0.054698,-0.017128725
190,15.0,-15.0,747.7557,0.0,3.0,4.3781185,-1.5785216,7.1651573,2.8373463,-0.057933427,0.05527272,-0.01735536
191,15.0,-15.0,747.7557,0.0,3.0,4.2690635,-1.5460904,7.2028685,2.836434,-0.05859229,0.05588528,-0.017603736
192,15.0,-15.0,747.7557,0.0,3.0,4.1600413,-1.5135405,7.24058,2.8353753,-0.05929502,0.05653666,-0.017874727
193,15.0,-15.0,747.7557,0.0,3.0,4.0510583,-1.4808576,7.2782917,2.8341713,-0.060042553,0.05722758,-0.018168991
194,15.0,-15.0,747.7557,0.0,3.0,3.9421222,-1.4480282,7.3160024,2.8328183,-0.06083539,0.05795829,-0.018487342
195,15.0,-15.0,747.7557,0.0,3.0,3.8332336,-1.4150368,7.353714,2.8313143,-0.061673924,0.05872891,-0.01883051
196,15.0,-15.0,747.7557,0.0,3.0,3.7243998,-1.3818691,7.3914256,2.8296592,-0.06255892,0.05953995,-0.019199291
197,15.0,-15.0,747.7557,0.0,3.0,3.615628,-1.3485112,7.4291368,2.82785,-0.06349006,0.06039081,-0.019594343
198,15.0,-15.0,747.7557,0.0,3.0,3.5069203,-1.3149475,7.4668484,2.8258872,-0.06446721,0.06128108,-0.020016238
199,15.0,-15.0,747.7557,0.0,3.0,3.398284,-1.2811635,7.5045595,2.8237674,-0.06549004,0.062210117,-0.020465732
200,15.0,-15.0,747.7557,0.0,3.0,3.2897253,-1.2471452,7.5422707,2.8214905,-0.066557914,0.06317699,-0.020943346
201,15.0,-15.0,747.7557,0.0,3.0,3.1812468,-1.2128758,7.5799823,2.819055,-0.06766978,0.06418033,-0.02144958
202,15.0,-15.0,747.7557,0.0,3.0,3.0728583,-1.1783427,7.6176934,2.81646,-0.06882453,0.0652187,-0.021984935
203,15.0,-15.0,747.7557,0.0,3.0,2.9645617,-1.1435281,7.655405,2.8137045,-0.070020646,0.06629027,-0.02254976
204,15.0,-15.0,747.7557,0.0,3.0,2.8563654,-1.1084168,7.693116,2.8107882,-0.07125618,0.06739277,-0.023144294
205,15.0,-15.0,747.7557,0.0,3.0,2.748276,-1.072995,7.7308273,2.8077102,-0.07252891,0.06852366,-0.02376871
206,15.0,-15.0,747.7557,0.0,3.0,2.640297,-1.0372434,7.768539,2.8044703,-0.07383639,0.06968018,-0.02442307
207,15.0,-15.0,747.7557,0.0,3.0,2.5324361,-1.0011483,7.8062506,2.8010678,-0.07517588,0.070859246,-0.025107376
208,15.0,-15.0,747.7557,0.0,3.0,2.4247015,-0.9646919,7.8439617,2.7975044,-0.076543875,0.072057135,-0.025821194
209,15.0,-15.0,747.7557,0.0,3.0,2.3170962,-0.92785734,7.881673,2.7937784,-0.07793705,0.07327018,-0.026564356
210,15.0,-15.0,747.7557,0.0,3.0,2.20963,-0.8906273,7.9193845,2.7898922,-0.07935129,0.074494064,-0.027336096
211,15.0,-15.0,747.7557,0.0,3.0,2.1023092,-0.8529845,7.9570956,2.7858446,-0.0807825,0.07572441,-0.028135875
212,15.0,-15.0,747.7557,0.0,3.0,1.9951402,-0.8149112,7.9948072,2.7816377,-0.082225904,0.076956265,-0.028962603
213,15.0,-15.0,747.7557,0.0,3.0,1.8881315,-0.7763893,8.032518,2.7772737,-0.083676755,0.07818477,-0.029815122
214,15.0,-15.0,747.7557,0.0,3.0,1.7812892,-0.73740023,8.07023,2.7727528,-0.085129485,0.079404205,-0.030692039
215,15.0,-15.0,747.7557,0.0,3.0,1.6746215,-0.697927,8.107942,2.7680771,-0.08657878,0.0806092,-0.031591803
216,15.0,-15.0,747.7557,0.0,3.0,1.5681382,-0.6579501,8.145652,2.7632487,-0.088018775,0.081793875,-0.032512557
217,15.0,-15.0,747.7557,0.0,3.0,1.461846,-0.61745197,8.183364,2.7582695,-0.08944333,0.08295216,-0.033452205
218,15.0,-15.0,747.7557,0.0,3.0,1.3557541,-0.5764138,8.221075,2.7531438,-0.09084649,0.08407821,-0.034408405
219,15.0,-15.0,747.7557,0.0,3.0,1.2498736,-0.53481925,8.258786,2.7478714,-0.0922218,0.08516572,-0.035378825
220,15.0,-15.0,747.7557,0.0,3.0,1.1442119,-0.49265084,8.296498,2.7424576,-0.09356313,0.086208835,-0.036360644
221,15.0,-15.0,747.7557,0.0,3.0,1.0387795,-0.4498923,8.334209,2.7369037,-0.094864056,0.0872014,-0.037351098
222,15.0,-15.0,747.7557,0.0,3.0,0.93358946,-0.40652892,8.371921,2.731214,-0.09611838,0.08813766,-0.038347058
223,15.0,-15.0,747.7557,0.0,3.0,0.8286502,-0.3625466,8.409632,2.7253897,-0.09732036,0.08901218,-0.039345697
224,15.0,-15.0,747.7557,0.0,3.0,0.72397524,-0.3179333,8.447344,2.7194362,-0.09846413,0.089819714,-0.040343568
225,15.0,-15.0,747.7557,0.0,3.0,0.61957884,-0.27267936,8.485055,2.7133558,-0.099544704,0.09055575,-0.041337684
226,15.0,-15.0,747.7557,0.0,3.0,0.5154716,-0.22677651,8.522766,2.7071505,-0.100557335,0.09121606,-0.042325035
227,15.0,-15.0,747.7557,0.0,3.0,0.4116715,-0.18021949,8.560477,2.7008233,-0.101498075,0.09179726,-0.043302674
228,15.0,-15.0,747.7557,0.0,3.0,0.30819026,-0.13300645,8.598188,2.6943772,-0.10236356,0.09229659,-0.04426779
229,15.0,-15.0,747.7557,0.0,3.0,0.20504609,-0.08513734,8.6359005,2.687814,-0.10315149,0.09271226,-0.045217995
230,15.0,-15.0,747.7557,0.0,3.0,0.10225831,-0.036618587,8.673612,2.6811368,-0.103860565,0.09304349,-0.046151113
231,15.0,-15.0,747.7557,0.0,3.0,-0.00015841052,0.012544189,8.711323,2.6743448,-0.10449025,0.093290076,-0.047065634
232,15.0,-15.0,747.7557,0.0,3.0,15.038841,-14.990697,0.0,0.49008438,-0.12042779,-0.10625261,-0.056685403
233,15.0,-15.0,747.7557,0.0,3.0,15.1507845,-14.931743,0.042021286,0.49955025,-0.11844061,-0.103966944,-0.0567367
234,15.0,-15.0,747.7557,0.0,3.0,15.262313,-14.871665,0.08404257,0.5091663,-0.11659452,-0.10180465,-0.056833938
235,15.0,-15.0,747.7557,0.0,3.0,15.373383,-14.810486,0.12606385,0.518955,-0.114883214,-0.099757455,-0.05697897
236,15.0,-15.0,747.7557,0.0,3.0,15.483944,-14.748207,0.16808514,0.52894336,-0.11329922,-0.09781584,-0.05717321
237,15.0,-15.0,747.7557,0.0,3.0,15.593953,-14.684834,0.21010642,0.5391621,-0.11183603,-0.095970884,-0.057418533
238,15.0,-15.0,747.7557,0.0,3.0,15.703349,-14.620358,0.2521277,0.5496462,-0.110485926,-0.09421239,-0.057716258
239,15.0,-15.0,747.7557,0.0,3.0,15.812073,-14.55477,0.294149,0.5604345,-0.109241575,-0.092530265,-0.05806783
240,15.0,-15.0,747.7557,0.0,3.0,15.920061,-14.48805,0.3361703,0.57156956,-0.10809539,-0.09091395,-0.058474507
241,15.0,-15.0,747.7557,0.0,3.0,16.027258,-14.420164,0.37819156,0.5830962,-0.10703996,-0.089352876,-0.0589374
242,15.0,-15.0,747.7557,0.0,3.0,16.133602,-14.351081,0.42021284,0.5950616,-0.10606751,-0.08783598,-0.059457175
243,15.0,-15.0,747.7557,0.0,3.0,16.23903,-14.280758,0.46223414,0.6075143,-0.10517016,-0.086352006,-0.060034107
244,15.0,-15.0,747.7557,0.0,3.0,16.343487,-14.209148,0.5042554,0.620503,-0.10434008,-0.084889635,-0.060667966
245,15.0,-15.0,747.7557,0.0,3.0,16.446918,-14.13619,0.5462767,0.6340754,-0.10356951,-0.08343765,-0.061357986
246,15.0,-15.0,747.7557,0.0,3.0,16.54926,-14.061832,0.588298,0.64827704,-0.10285054,-0.08198477,-0.062102586
247,15.0,-15.0,747.7557,0.0,3.0,16.650452,-13.986015,0.6303193,0.6631507,-0.102175325,-0.08051994,-0.06289942
248,15.0,-15.0,747.7557,0.0,3.0,16.750443,-13.908671,0.6723406,0.67873454,-0.10153635,-0.07903262,-0.06374539
249,15.0,-15.0,747.7557,0.0,3.0,16.849161,-13.829747,0.71436185,0.6950616,-0.10092643,-0.077512935,-0.064636596
250,15.0,-15.0,747.7557,0.0,3.0,16.94655,-13.749182,0.7563831,0.7121584,-0.10033873,-0.075951725,-0.06556825
251,15.0,-15.0,747.7557,0.0,3.0,17.042528,-13.6669235,0.7984044,0.7300454,-0.099766895,-0.074340716,-0.066534884
252,15.0,-15.0,747.7557,0.0,3.0,17.137016,-13.582923,0.84042567,0.7487353,-0.09920499,-0.07267265,-0.06753011
253,15.0,-15.0,747.7557,0.0,3.0,17.229925,-13.497136,0.882447,0.76823366,-0.09864734,-0.070941165,-0.0685467
254,15.0,-15.0,747.7557,0.0,3.0,17.321163,-13.409523,0.9244683,0.78853875,-0.09808926,-0.06914141,-0.069577076
255,15.0,-15.0,747.7557,0.0,3.0,17.410614,-13.320062,0.96648955,0.80964255,-0.09752543,-0.06726888,-0.07061238
256,15.0,-15.0,747.7557,0.0,3.0,17.498169,-13.228722,1.0085108,0.83153,-0.096951544,-0.065320715,-0.07164361
257,15.0,-15.0,747.7557,0.0,3.0,17.583704,-13.135487,1.0505321,0.8541803,-0.096362635,-0.06329452,-0.07266059
258,15.0,-15.0,747.7557,0.0,3.0,17.667099,-13.040356,1.0925534,0.87756824,-0.095754236,-0.061189204,-0.07365293
259,15.0,-15.0,747.7557,0.0,3.0,17.74822,-12.94332,1.1345747,0.9016644,-0.09512122,-0.059004202,-0.074609324
260,15.0,-15.0,747.7557,0.0,3.0,17.82693,-12.844385,1.176596,0.92643577,-0.094458826,-0.05674022,-0.075518325
261,15.0,-15.0,747.7557,0.0,3.0,17.903103,-12.743568,1.2186172,0.95184743,-0.093761906,-0.05439872,-0.07636802
262,15.0,-15.0,747.7557,0.0,3.0,17.976614,-12.640886,1.2606386,0.97786194,-0.093025774,-0.05198252,-0.077146694
263,15.0,-15.0,747.7557,0.0,3.0,18.047342,-12.536368,1.3026597,1.0044408,-0.09224574,-0.04949539,-0.07784268
264,15.0,-15.0,747.7557,0.0,3.0,18.11517,-12.430041,1.3446811,1.0315449,-0.091417894,-0.04694252,-0.078445084
265,15.0,-15.0,747.7557,0.0,3.0,18.179987,-12.321958,1.3867024,1.0591338,-0.09053913,-0.04433045,-0.07894393
266,15.0,-15.0,747.7557,0.0,3.0,18.241703,-12.212157,1.4287237,1.087167,-0.08960695,-0.041666813,-0.07933021
267,15.0,-15.0,747.7557,0.0,3.0,18.300217,-12.100693,1.470745,1.1156038,-0.088620424,-0.03896066,-0.07959677
268,15.0,-15.0,747.7557,0.0,3.0,18.355452,-11.987639,1.5127662,1.1444024,-0.08757955,-0.036222056,-0.07973795
269,15.0,-15.0,747.7557,0.0,3.0,18.407333,-11.873057,1.5547875,1.1735216,-0.08648577,-0.03346193,-0.07975016
270,15.0,-15.0,747.7557,0.0,3.0,18.455793,-11.757024,1.5968088,1.2029177,-0.08534166,-0.030692004,-0.07963165
271,15.0,-15.0,747.7557,0.0,3.0,18.500778,-11.639622,1.6388301,1.2325494,-0.08415145,-0.027924297,-0.07938325
272,15.0,-15.0,747.7557,0.0,3.0,18.542223,-11.5209465,1.6808513,1.2623724,-0.08291954,-0.025170835,-0.07900683
273,15.0,-15.0,747.7557,0.0,3.0,18.580095,-11.401089,1.7228726,1.2923437,-0.08165175,-0.022443468,-0.07850668
274,15.0,-15.0,747.7557,0.0,3.0,18.614346,-11.280149,1.764894,1.3224188,-0.08035439,-0.019753648,-0.07788852
275,15.0,-15.0,747.7557,0.0,3.0,18.644957,-11.158241,1.8069152,1.3525532,-0.07903403,-0.01711203,-0.07715929
276,15.0,-15.0,747.7557,0.0,3.0,18.67189,-11.035466,1.8489366,1.3827038,-0.07769786,-0.014528367,-0.07632748
277,15.0,-15.0,747.7557,0.0,3.0,18.69512,-10.911941,1.8909578,1.4128261,-0.07635185,-0.012011221,-0.075401165
278,15.0,-15.0,747.7557,0.0,3.0,18.714643,-10.787775,1.9329791,1.442878,-0.0750034,-0.009568165,-0.07439059
279,15.0,-15.0,747.7557,0.0,3.0,18.730446,-10.663089,1.9750004,1.4728171,-0.07365768,-0.0072053834,-0.0733044
280,15.0,-15.0,747.7557,0.0,3.0,18.742535,-10.537994,2.0170217,1.5026035,-0.072320595,-0.004927922,-0.0721525
281,15.0,-15.0,747.7557,0.0,3.0,18.750912,-10.412607,2.059043,1.5321983,-0.07099732,-0.0027396753,-0.07094444
282,15.0,-15.0,747.7557,0.0,3.0,18.755592,-10.287035,2.1010642,1.5615646,-0.0696913,-0.0006433643,-0.06968833
283,15.0,-15.0,747.7557,0.0,3.0,18.756598,-10.161389,2.1430855,1.5906688,-0.068406805,0.0013593227,-0.0683933
284,15.0,-15.0,747.7557,0.0,3.0,18.75396,-10.035776,2.1851068,1.619478,-0.067146465,0.0032675106,-0.067066915
285,15.0,-15.0,747.7557,0.0,3.0,18.747707,-9.910291,2.227128,1.647964,-0.06591264,0.0050812787,-0.06571649
286,15.0,-15.0,747.7557,0.0,3.0,18.737894,-9.785038,2.2691493,1.6760999,-0.064707324,0.0068013263,-0.06434889
287,15.0,-15.0,747.7557,0.0,3.0,18.724562,-9.660104,2.3111706,1.7038624,-0.06353164,0.008428981,-0.06297
288,15.0,-15.0,747.7557,0.0,3.0,18.707771,-9.535583,2.353192,1.7312309,-0.062386956,0.00996614,-0.06158578
289,15.0,-15.0,747.7557,0.0,3.0,18.687576,-9.411552,2.3952131,1.7581861,-0.0612738,0.011415003,-0.06020113
290,15.0,-15.0,747.7557,0.0,3.0,18.664045,-9.288093,2.4372344,1.784713,-0.060193144,0.012778339,-0.058821157
291,15.0,-15.0,747.7557,0.0,3.0,18.637253,-9.165276,2.479256,1.8107997,-0.0591456,0.014059259,-0.05745032
292,15.0,-15.0,747.7557,0.0,3.0,18.607264,-9.043169,2.5212772,1.8364339,-0.058131553,0.015260958,-0.05609261
293,15.0,-15.0,747.7557,0.0,3.0,18.574156,-8.921842,2.5632982,1.8616076,-0.057151604,0.01638705,-0.0547519
294,15.0,-15.0,747.7557,0.0,3.0,18.538008,-8.801348,2.6053195,1.8863146,-0.056206644,0.01744144,-0.05343204
295,15.0,-15.0,747.7557,0.0,3.0,18.498905,-8.681743,2.647341,1.9105499,-0.055297345,0.018428102,-0.052136373
296,15.0,-15.0,747.7557,0.0,3.0,18.45692,-8.563081,2.6893623,1.9343106,-0.054424345,0.019351173,-0.05086788
297,15.0,-15.0,747.7557,0.0,3.0,18.412136,-8.445404,2.7313833,1.9575949,-0.05358868,0.020215012,-0.04962963
298,15.0,-15.0,747.7557,0.0,3.0,18.36464,-8.328761,2.7734048,1.9804031,-0.0527909,0.021023903,-0.048423905
299,15.0,-15.0,747.7557,0.0,3.0,18.314503,-8.213188,2.815426,2.0027354,-0.052032255,0.021782394,-0.04725339
300,15.0,-15.0,747.7557,0.0,3.0,18.261818,-8.098719,2.8574474,2.024595,-0.051313084,0.022494778,-0.0461196
301,15.0,-15.0,747.7557,0.0,3.0,18.206654,-7.9853854,2.8994684,2.0459852,-0.050634094,0.023165423,-0.045024157
302,15.0,-15.0,747.7557,0.0,3.0,18.149096,-7.873219,2.94149,2.0669093,-0.049995802,0.023798538,-0.043968283
303,15.0,-15.0,747.7557,0.0,3.0,18.08922,-7.7622423,2.9835112,2.0873733,-0.049398147,0.024398074,-0.042952426
304,15.0,-15.0,747.7557,0.0,3.0,18.027103,-7.652478,3.0255325,2.1073823,-0.048841264,0.024967888,-0.041977063
305,15.0,-15.0,747.7557,0.0,3.0,17.96282,-7.5439425,3.067554,2.1269433,-0.04832447,0.025511349,-0.041041754
306,15.0,-15.0,747.7557,0.0,3.0,17.896452,-7.436652,3.109575,2.1460629,-0.047846965,0.026031546,-0.040145867
307,15.0,-15.0,747.7557,0.0,3.0,17.828062,-7.3306203,3.1515963,2.1647496,-0.04740749,0.026531206,-0.039288234
308,15.0,-15.0,747.7557,0.0,3.0,17.75772,-7.225854,3.1936176,2.1830103,-0.04700487,0.027012797,-0.03846774
309,15.0,-15.0,747.7557,0.0,3.0,17.685493,-7.1223607,3.235639,2.200855,-0.04663677,0.027478023,-0.037682183
310,15.0,-15.0,747.7557,0.0,3.0,17.611464,-7.0201483,3.2776601,2.218292,-0.046301197,0.02792846,-0.03692969
311,15.0,-15.0,747.7557,0.0,3.0,17.535675,-6.919216,3.3196814,2.2353299,-0.045995597,0.028365117,-0.036207944
312,15.0,-15.0,747.7557,0.0,3.0,17.458204,-6.8195667,3.3617027,2.2519796,-0.04571707,0.02878862,-0.03551431
313,15.0,-15.0,747.7557,0.0,3.0,17.379095,-6.7211967,3.4037242,2.26825,-0.04546265,0.029199207,-0.034846216
314,15.0,-15.0,747.7557,0.0,3.0,17.298428,-6.6241026,3.4457452,2.2841504,-0.045229174,0.029596783,-0.034201007
315,15.0,-15.0,747.7557,0.0,3.0,17.216244,-6.528283,3.4877665,2.299691,-0.04501302,0.029980723,-0.03357571
316,15.0,-15.0,747.7557,0.0,3.0,17.132599,-6.4337287,3.529788,2.3148823,-0.04481138,0.030350734,-0.03296806
317,15.0,-15.0,747.7557,0.0,3.0,17.047552,-6.340434,3.5718093,2.329733,-0.044620104,0.030705338,-0.03237493
318,15.0,-15.0,747.7557,0.0,3.0,16.961147,-6.24839,3.6138303,2.344253,-0.04443675,0.031044079,-0.031794492
319,15.0,-15.0,747.7557,0.0,3.0,16.873438,-6.1575894,3.6558516,2.358453,-0.044257466,0.031365354,-0.031223996
320,15.0,-15.0,747.7557,0.0,3.0,16.784462,-6.0680237,3.697873,2.3723416,-0.044079583,0.03166818,-0.03066164
321,15.0,-15.0,747.7557,0.0,3.0,16.694275,-5.979677,3.7398944,2.385927,-0.04390007,0.031951137,-0.030105498
322,15.0,-15.0,747.7557,0.0,3.0,16.602913,-5.8925457,3.7819157,2.3992198,-0.04371627,0.032213055,-0.029553877
323,15.0,-15.0,747.7557,0.0,3.0,16.510412,-5.8066144,3.823937,2.4122272,-0.043526094,0.03245294,-0.029005647
324,15.0,-15.0,747.7557,0.0,3.0,16.416819,-5.7218723,3.8659582,2.4249582,-0.043327328,0.0326697,-0.028459586
325,15.0,-15.0,747.7557,0.0,3.0,16.322174,-5.6383085,3.9079795,2.4374208,-0.043118145,0.032862406,-0.02791481
326,15.0,-15.0,747.7557,0.0,3.0,16.226501,-5.55591,3.9500008,2.4496229,-0.04289728,0.033030506,-0.027370831
327,15.0,-15.0,747.7557,0.0,3.0,16.129845,-5.474664,3.992022,2.461572,-0.04266381,0.033173658,-0.026827393
328,15.0,-15.0,747.7557,0.0,3.0,16.032228,-5.3945613,4.0340433,2.4732752,-0.042416487,0.03329123,-0.026284069
329,15.0,-15.0,747.7557,0.0,3.0,15.933691,-5.3155847,4.0760646,2.4847386,-0.042154994,0.03338326,-0.025741044
330,15.0,-15.0,747.7557,0.0,3.0,15.834265,-5.2377267,4.118086,2.4959707,-0.041879404,0.033450156,-0.025198644
331,15.0,-15.0,747.7557,0.0,3.0,15.733975,-5.160972,4.160107,2.5069757,-0.041589353,0.033491857,-0.024657045
332,15.0,-15.0,747.7557,0.0,3.0,15.632852,-5.0853066,4.2021284,2.517762,-0.04128552,0.033509254,-0.02411688
333,15.0,-15.0,747.7557,0.0,3.0,15.530921,-5.0107203,4.2441497,2.5283322,-0.040968526,0.033503074,-0.023578897
334,15.0,-15.0,747.7557,0.0,3.0,15.428211,-4.9371977,4.286171,2.538694,-0.040638845,0.03347403,-0.023043549
335,15.0,-15.0,747.7557,0.0,3.0,15.324743,-4.86473,4.328192,2.5488524,-0.04029752,0.033423286,-0.02251164
336,15.0,-15.0,747.7557,0.0,3.0,15.220552,-4.7932982,4.3702135,2.5588117,-0.03994589,0.033352237,-0.021984141
337,15.0,-15.0,747.7557,0.0,3.0,15.11565,-4.7228947,4.4122353,2.5685775,-0.039585043,0.033262126,-0.021461746
338,15.0,-15.0,747.7557,0.0,3.0,15.010073,-4.6535025,4.454256,2.5781531,-0.03921632,0.033154383,-0.02094533
339,15.0,-15.0,747.7557,0.0,3.0,14.90383,-4.585112,4.4962773,2.5875442,-0.03884114,0.033030562,-0.02043566
340,15.0,-15.0,747.7557,0.0,3.0,14.796956,-4.517708,4.5382986,2.5967531,-0.038461167,0.032892395,-0.019933688
341,15.0,-15.0,747.7557,0.0,3.0,14.689465,-4.451278,4.5803204,2.6057858,-0.0380777,0.03274138,-0.019439997
342,15.0,-15.0,747.7557,0.0,3.0,14.581378,-4.3858094,4.622341,2.6146448,-0.037692416,0.032579288,-0.018955426
343,15.0,-15.0,747.7557,0.0,3.0,14.472716,-4.321287,4.6643624,2.6233337,-0.03730667,0.032407667,-0.01848055
344,15.0,-15.0,747.7557,0.0,3.0,14.363498,-4.257701,4.706384,2.631857,-0.03692225,0.03222845,-0.018016087
345,15.0,-15.0,747.7557,0.0,3.0,14.253747,-4.1950355,4.7484055,2.6402168,-0.036540154,0.03204287,-0.017562386
346,15.0,-15.0,747.7557,0.0,3.0,14.143473,-4.1332784,4.7904263,2.6484156,-0.036162015,0.031852704,-0.017120065
347,15.0,-15.0,747.7557,0.0,3.0,14.032699,-4.0724173,4.8324475,2.6564586,-0.035789225,0.031659596,-0.01668948
348,15.0,-15.0,747.7557,0.0,3.0,13.921441,-4.012438,4.874469,2.6643474,-0.035422746,0.031464737,-0.01627087
349,15.0,-15.0,747.7557,0.0,3.0,13.809716,-3.953328,4.9164906,2.672086,-0.03506394,0.03126973,-0.015864553
350,15.0,-15.0,747.7557,0.0,3.0,13.697534,-3.8950746,4.958512,2.6796763,-0.034713697,0.031075703,-0.01547066
351,15.0,-15.0,747.7557,0.0,3.0,13.584919,-3.8376641,5.0005326,2.6871207,-0.034373026,0.030883921,-0.015089344
352,15.0,-15.0,747.7557,0.0,3.0,13.471876,-3.781083,5.0425544,2.694423,-0.034042653,0.030695394,-0.014720562
353,15.0,-15.0,747.7557,0.0,3.0,13.358426,-3.7253206,5.0845757,2.7015855,-0.033723373,0.030511174,-0.014364333
354,15.0,-15.0,747.7557,0.0,3.0,13.244577,-3.6703625,5.1265965,2.7086103,-0.03341594,0.030332265,-0.014020653
355,15.0,-15.0,747.7557,0.0,3.0,13.130344,-3.616195,5.168618,2.7155,-0.033120696,0.030159298,-0.013689308
356,15.0,-15.0,747.7557,0.0,3.0,13.015735,-3.562808,5.210639,2.7222588,-0.032838095,0.029993014,-0.0133700995
357,15.0,-15.0,747.7557,0.0,3.0,12.900767,-3.5101855,5.2526608,2.7288878,-0.032568637,0.029834151,-0.013062907
358,15.0,-15.0,747.7557,0.0,3.0,12.785453,-3.4583194,5.294682,2.7353897,-0.032312494,0.029683152,-0.012767445
359,15.0,-15.0,747.7557,0.0,3.0,12.669798,-3.407193,5.336703,2.7417665,-0.032069635,0.029540261,-0.0124833705
360,15.0,-15.0,747.7557,0.0,3.0,12.553813,-3.3567958,5.3787246,2.7480216,-0.031840194,0.029405868,-0.012210361
361,15.0,-15.0,747.7557,0.0,3.0,12.437506,-3.3071158,5.420746,2.754157,-0.031624403,0.029280433,-0.011948183
362,15.0,-15.0,747.7557,0.0,3.0,12.320895,-3.2581415,5.4627666,2.760175,-0.031421926,0.02916388,-0.011696392
363,15.0,-15.0,747.7557,0.0,3.0,12.20398,-3.2098596,5.5047884,2.7660785,-0.031232592,0.029056279,-0.011454582
364,15.0,-15.0,747.7557,0.0,3.0,12.086779,-3.1622581,5.5468097,2.7718697,-0.031056438,0.028957875,-0.011222466
365,15.0,-15.0,747.7557,0.0,3.0,11.969291,-3.1153276,5.588831,2.7775507,-0.030893024,0.02886846,-0.01099959
366,15.0,-15.0,747.7557,0.0,3.0,11.851533,-3.0690558,5.630852,2.7831237,-0.030741911,0.028787805,-0.01078552
367,15.0,-15.0,747.7557,0.0,3.0,11.733507,-3.0234315,5.672873,2.788591,-0.030602854,0.028715856,-0.010579896
368,15.0,-15.0,747.7557,0.0,3.0,11.615223,-2.978442,5.714895,2.793956,-0.030475546,0.028652513,-0.01038231
369,15.0,-15.0,747.7557,0.0,3.0,11.496689,-2.9340794,5.756916,2.7992194,-0.030359384,0.028597342,-0.010192361
370,15.0,-15.0,747.7557,0.0,3.0,11.377915,-2.8903317,5.798937,2.804383,-0.030253831,0.028549982,-0.010009636
371,15.0,-15.0,747.7557,0.0,3.0,11.258904,-2.847188,5.8409586,2.8094501,-0.030158605,0.028510315,-0.009833791
372,15.0,-15.0,747.7557,0.0,3.0,11.139669,-2.8046389,5.88298,2.8144217,-0.03007305,0.028477833,-0.009664438
373,15.0,-15.0,747.7557,0.0,3.0,11.020212,-2.7626743,5.925001,2.8193011,-0.029996756,0.028452286,-0.0095012
374,15.0,-15.0,747.7557,0.0,3.0,10.900544,-2.721284,5.9670224,2.8240879,-0.029929098,0.028433163,-0.009343776
375,15.0,-15.0,747.7557,0.0,3.0,10.780667,-2.6804576,6.009044,2.8287857,-0.02986947,0.02842001,-0.009191751
376,15.0,-15.0,747.7557,0.0,3.0,10.660598,-2.6401875,6.051065,2.8333938,-0.029817406,0.028412456,-0.009044897
377,15.0,-15.0,747.7557,0.0,3.0,10.540331,-2.6004632,6.0930862,2.8379164,-0.029772531,0.028410247,-0.008902888
378,15.0,-15.0,747.7557,0.0,3.0,10.419878,-2.5612755,6.135108,2.8423536,-0.029734071,0.028412722,-0.008765401
379,15.0,-15.0,747.7557,0.0,3.0,10.299248,-2.522615,6.177129,2.846706,-0.029701728,0.028419657,-0.008632257
380,15.0,-15.0,747.7557,0.0,3.0,10.178444,-2.4844737,6.21915,2.8509758,-0.02967501,0.028430657,-0.008503175
381,15.0,-15.0,747.7557,0.0,3.0,10.057473,-2.4468417,6.2611713,2.8551629,-0.029653717,0.028445585,-0.008378044
382,15.0,-15.0,747.7557,0.0,3.0,9.936342,-2.4097104,6.3031926,2.8592691,-0.029637191,0.028463876,-0.008256563
383,15.0,-15.0,747.7557,0.0,3.0,9.815053,-2.373071,6.3452144,2.8632932,-0.029625159,0.028485302,-0.008138652
384,15.0,-15.0,747.7557,0.0,3.0,9.693619,-2.3369157,6.387235,2.8672388,-0.029617365,0.02850969,-0.008024086
385,15.0,-15.0,747.7557,0.0,3.0,9.572039,-2.301233,6.4292564,2.871104,-0.029613715,0.028536974,-0.007912854
386,15.0,-15.0,747.7557,0.0,3.0,9.45032,-2.2660172,6.471278,2.8748894,-0.02961379,0.028566794,-0.007804794
387,15.0,-15.0,747.7557,0.0,3.0,9.32847,-2.2312584,6.513299,2.8785954,-0.029617589,0.028599191,-0.0076998607
388,15.0,-15.0,747.7557,0.0,3.0,9.206489,-2.196947,6.5553203,2.882222,-0.029625189,0.028634273,-0.0075980425
389,15.0,-15.0,747.7557,0.0,3.0,9.084387,-2.1630745,6.597342,2.885769,-0.029636186,0.028671682,-0.0074992133
390,15.0,-15.0,747.7557,0.0,3.0,8.962168,-2.1296325,6.639363,2.8892348,-0.029651012,0.028711857,-0.007403497
391,15.0,-15.0,747.7557,0.0,3.0,8.839834,-2.0966115,6.6813846,2.89262,-0.029669616,0.028754786,-0.0073108408
392,15.0,-15.0,747.7557,0.0,3.0,8.717389,-2.064001,6.723406,2.8959248,-0.029691976,0.028800478,-0.0072212126
393,15.0,-15.0,747.7557,0.0,3.0,8.594843,-2.031794,6.7654266,2.8991463,-0.02971856,0.028849397,-0.007134776
394,15.0,-15.0,747.7557,0.0,3.0,8.47219,-1.999979,6.8074484,2.902285,-0.029749688,0.028901892,-0.0070515675
395,15.0,-15.0,747.7557,0.0,3.0,8.349444,-1.9685471,6.849469,2.9053397,-0.029785182,0.028957805,-0.0069715586
396,15.0,-15.0,747.7557,0.0,3.0,8.226602,-1.9374881,6.8914905,2.9083087,-0.02982593,0.02901802,-0.0068949712
397,15.0,-15.0,747.7557,0.0,3.0,8.103669,-1.9067925,6.933512,2.9111905,-0.029871825,0.029082451,-0.0068218005
398,15.0,-15.0,747.7557,0.0,3.0,7.980653,-1.8764491,6.975533,2.9139843,-0.029923584,0.02915182,-0.006752203
399,15.0,-15.0,747.7557,0.0,3.0,7.8575525,-1.8464475,7.0175548,2.9166894,-0.02998146,0.029226398,-0.0066862274
400,15.0,-15.0,747.7557,0.0,3.0,7.7343693,-1.8167775,7.059576,2.9193022,-0.030045684,0.029306412,-0.006624
401,15.0,-15.0,747.7557,0.0,3.0,7.611114,-1.7874287,7.101597,2.9218225,-0.030116882,0.0293925,-0.0065656384
402,15.0,-15.0,747.7557,0.0,3.0,7.4877825,-1.7583877,7.1436186,2.924248,-0.030195493,0.029485099,-0.0065112817
403,15.0,-15.0,747.7557,0.0,3.0,7.364379,-1.7296453,7.18564,2.9265769,-0.030281853,0.029584553,-0.006461023
404,15.0,-15.0,747.7557,0.0,3.0,7.2409096,-1.7011895,7.2276607,2.928807,-0.030376155,0.029691065,-0.0064149434
405,15.0,-15.0,747.7557,0.0,3.0,7.117375,-1.6730067,7.2696824,2.9309366,-0.030479115,0.029805342,-0.006373229
406,15.0,-15.0,747.7557,0.0,3.0,6.9937773,-1.6450869,7.311703,2.932964,-0.030590642,0.029927311,-0.006335885
407,15.0,-15.0,747.7557,0.0,3.0,6.8701205,-1.6174164,7.353725,2.9348862,-0.030711178,0.030057404,-0.0063030873
408,15.0,-15.0,747.7557,0.0,3.0,6.7464075,-1.5899824,7.395746,2.9367027,-0.030841079,0.030195987,-0.006274907
409,15.0,-15.0,747.7557,0.0,3.0,6.6226416,-1.562773,7.437767,2.93841,-0.030980129,0.030342845,-0.006251402
410,15.0,-15.0,747.7557,0.0,3.0,6.4988213,-1.5357738,7.479789,2.9400065,-0.03112888,0.030498527,-0.006232737
411,15.0,-15.0,747.7557,0.0,3.0,6.374955,-1.5089719,7.52181,2.9414907,-0.0312869,0.030662611,-0.006218875
412,15.0,-15.0,747.7557,0.0,3.0,6.2510448,-1.4823549,7.5638313,2.9428592,-0.031454373,0.030835269,-0.006209971
413,15.0,-15.0,747.7557,0.0,3.0,6.127092,-1.4559065,7.6058526,2.9441118,-0.03163119,0.031016404,-0.0062060314
414,15.0,-15.0,747.7557,0.0,3.0,6.0030985,-1.4296141,7.647874,2.945244,-0.031816926,0.03120558,-0.0062071444
415,15.0,-15.0,747.7557,0.0,3.0,5.8790727,-1.4034623,7.689895,2.9462562,-0.032011505,0.031402726,-0.0062133255
416,15.0,-15.0,747.7557,0.0,3.0,5.75501,-1.3774366,7.7319164,2.9471438,-0.032214474,0.03160737,-0.006224668
417,15.0,-15.0,747.7557,0.0,3.0,5.6309204,-1.3515223,7.773938,2.9479065,-0.032425206,0.0318189,-0.00624112
418,15.0,-15.0,747.7557,0.0,3.0,5.506805,-1.325704,7.815959,2.9485424,-0.032643277,0.032036882,-0.0062627243
419,15.0,-15.0,747.7557,0.0,3.0,5.3826656,-1.2999657,7.8579803,2.9490492,-0.032868106,0.032260727,-0.006289507
420,15.0,-15.0,747.7557,0.0,3.0,5.2585096,-1.2742926,7.9000015,2.949425,-0.03309867,0.032489408,-0.0063214195
421,15.0,-15.0,747.7557,0.0,3.0,5.134338,-1.2486669,7.942023,2.9496672,-0.03333464,0.032722574,-0.00635856
422,15.0,-15.0,747.7557,0.0,3.0,5.0101542,-1.2230742,7.984044,2.949775,-0.033574756,0.032958973,-0.0064008106
423,15.0,-15.0,747.7557,0.0,3.0,4.8859653,-1.1974976,8.026065,2.9497461,-0.033818085,0.033197653,-0.006448157
424,15.0,-15.0,747.7557,0.0,3.0,4.7617717,-1.1719196,8.068087,2.9495783,-0.034063976,0.03343794,-0.0065006544
425,15.0,-15.0,747.7557,0.0,3.0,4.6375794,-1.1463228,8.110108,2.9492702,-0.034311045,0.03367845,-0.006558179
426,15.0,-15.0,747.7557,0.0,3.0,4.513396,-1.1206923,8.152129,2.9488215,-0.034558345,0.033918224,-0.006620667
427,15.0,-15.0,747.7557,0.0,3.0,4.389219,-1.0950086,8.194151,2.9482293,-0.034804855,0.034156214,-0.006688123
428,15.0,-15.0,747.7557,0.0,3.0,4.265056,-1.0692537,8.236172,2.9474921,-0.03504921,0.03439104,-0.006760433
429,15.0,-15.0,747.7557,0.0,3.0,4.1409154,-1.0434121,8.278193,2.946608,-0.035290603,0.03462187,-0.006837604
430,15.0,-15.0,747.7557,0.0,3.0,4.0167966,-1.017463,8.320214,2.9455767,-0.035527606,0.034847263,-0.006919469
431,15.0,-15.0,747.7557,0.0,3.0,3.8927069,-0.99139005,8.362236,2.9443963,-0.035759185,0.03506616,-0.0070059695
432,15.0,-15.0,747.7557,0.0,3.0,3.7686527,-0.96517396,8.404257,2.9430654,-0.03598422,0.035277423,-0.007097014
433,15.0,-15.0,747.7557,0.0,3.0,3.644634,-0.93879616,8.446279,2.9415817,-0.03620177,0.035480067,-0.0071925693
434,15.0,-15.0,747.7557,0.0,3.0,3.520661,-0.9122376,8.488299,2.9399455,-0.036410626,0.035672873,-0.007292445
435,15.0,-15.0,747.7557,0.0,3.0,3.396734,-0.8854793,8.530321,2.9381557,-0.03661007,0.035855096,-0.0073965755
436,15.0,-15.0,747.7557,0.0,3.0,3.2728593,-0.85850143,8.572342,2.93621,-0.036798898,0.036025494,-0.007504836
437,15.0,-15.0,747.7557,0.0,3.0,3.1490448,-0.8312861,8.614364,2.9341073,-0.036976453,0.036183383,-0.0076171434
438,15.0,-15.0,747.7557,0.0,3.0,3.0252907,-0.80381197,8.656384,2.9318483,-0.037141953,0.036327954,-0.0077333213
439,15.0,-15.0,747.7557,0.0,3.0,2.9016032,-0.7760605,8.698406,2.9294302,-0.03729466,0.036458433,-0.0078532975
440,15.0,-15.0,747.7557,0.0,3.0,2.7779899,-0.74801177,8.740427,2.9268527,-0.037434023,0.036574233,-0.007976942
441,15.0,-15.0,747.7557,0.0,3.0,2.6544511,-0.7196448,8.782449,2.9241152,-0.03755947,0.03667475,-0.008104102
442,15.0,-15.0,747.7557,0.0,3.0,2.5309937,-0.6909402,8.8244705,2.9212167,-0.037670758,0.036759704,-0.008234695
443,15.0,-15.0,747.7557,0.0,3.0,2.407623,-0.66187716,8.866491,2.9181564,-0.03776736,0.036828533,-0.008368559
444,15.0,-15.0,747.7557,0.0,3.0,2.2843413,-0.6324356,8.908512,2.914934,-0.03784914,0.03688106,-0.008505572
445,15.0,-15.0,747.7557,0.0,3.0,2.1611557,-0.6025948,8.950534,2.9115484,-0.03791595,0.0369171,-0.008645619
446,15.0,-15.0,747.7557,0.0,3.0,2.0380692,-0.5723354,8.992555,2.9079995,-0.03796776,0.036936592,-0.008788571
447,15.0,-15.0,747.7557,0.0,3.0,1.9150867,-0.54163605,9.034576,2.9042864,-0.03800458,0.036939494,-0.008934316
448,15.0,-15.0,747.7557,0.0,3.0,1.7922163,-0.5104777,9.076597,2.9004092,-0.038026463,0.036925826,-0.0090826955
449,15.0,-15.0,747.7557,0.0,3.0,1.6694603,-0.4788391,9.118619,2.8963673,-0.03803352,0.036895655,-0.009233585
450,15.0,-15.0,747.7557,0.0,3.0,1.5468261,-0.44670188,9.160641,2.8921604,-0.038026024,0.036849223,-0.009386868
451,15.0,-15.0,747.7557,0.0,3.0,1.424323,-0.41404682,9.2026615,2.8877902,-0.038004134,0.03678666,-0.009542322
452,15.0,-15.0,747.7557,0.0,3.0,1.301956,-0.38085562,9.244682,2.8832555,-0.037968244,0.03670831,-0.009699871
453,15.0,-15.0,747.7557,0.0,3.0,1.1797354,-0.34710997,9.286704,2.8785567,-0.037918527,0.03661432,-0.00985932
454,15.0,-15.0,747.7557,0.0,3.0,1.0576738,-0.31279427,9.328725,2.8736956,-0.037855294,0.036504984,-0.010020451
455,15.0,-15.0,747.7557,0.0,3.0,0.9357814,-0.27789277,9.370747,2.8686721,-0.03777894,0.036380656,-0.010183125
456,15.0,-15.0,747.7557,0.0,3.0,0.8140741,-0.24239247,9.412768,2.8634887,-0.037689526,0.03624141,-0.010347017
457,15.0,-15.0,747.7557,0.0,3.0,0.6925713,-0.20627989,9.454789,2.8581462,-0.03758732,0.036087483,-0.010511904
458,15.0,-15.0,747.7557,0.0,3.0,0.57128894,-0.16954544,9.496811,2.8526478,-0.03747264,0.035919216,-0.01067749
459,15.0,-15.0,747.7557,0.0,3.0,0.45025492,-0.13218172,9.538832,2.8469946,-0.037345257,0.035736386,-0.01084339
460,15.0,-15.0,747.7557,0.0,3.0,0.32949254,-0.094182104,9.5808525,2.841192,-0.037205722,0.035539575,-0.011009282
461,15.0,-15.0,747.7557,0.0,3.0,0.20903435,-0.05554393,9.622874,2.8352413,-0.037053395,0.035328202,-0.011174632
462,15.0,-15.0,747.7557,0.0,3.0,0.08891693,-0.016267419,9.664895,2.8291485,-0.036888447,0.035102498,-0.011338968
463,15.0,-15.0,747.7557,0.0,3.0,-0.030824058,0.02364488,9.706917,2.8229172,-0.036710437,0.034862112,-0.011501709
464,15.0,-15.0,747.7557,0.0,3.0,15.022814,-14.996468,0.0,0.28741512,-0.09942627,-0.09534779,-0.028184794
465,15.0,-15.0,747.7557,0.0,3.0,15.149231,-14.954236,0.04432306,0.30342627,-0.097095445,-0.092659965,-0.029011313
466,15.0,-15.0,747.7557,0.0,3.0,15.275039,-14.91005,0.08864612,0.31930164,-0.09501311,-0.09021066,-0.029824955
467,15.0,-15.0,747.7557,0.0,3.0,15.400186,-14.863938,0.13296919,0.33508518,-0.09316343,-0.087981895,-0.030636758
468,15.0,-15.0,747.7557,0.0,3.0,15.524625,-14.815917,0.17729224,0.35082325,-0.09152767,-0.08595273,-0.03145541
469,15.0,-15.0,747.7557,0.0,3.0,15.648321,-14.765986,0.2216153,0.36656395,-0.09008536,-0.08410048,-0.03228747
470,15.0,-15.0,747.7557,0.0,3.0,15.771238,-14.714146,0.26593837,0.38235646,-0.088814124,-0.08240068,-0.033137243
471,15.0,-15.0,747.7557,0.0,3.0,15.893346,-14.660386,0.31026146,0.3982504,-0.08769199,-0.08082929,-0.034007505
472,15.0,-15.0,747.7557,0.0,3.0,16.014605,-14.604696,0.3545845,0.41429475,-0.08669612,-0.07936166,-0.03489904
473,15.0,-15.0,747.7557,0.0,3.0,16.134968,-14.547058,0.39890754,0.430538,-0.085805476,-0.07797498,-0.035811752
474,15.0,-15.0,747.7557,0.0,3.0,16.254398,-14.487466,0.4432306,0.44702664,-0.08500013,-0.076647714,-0.036744386
475,15.0,-15.0,747.7557,0.0,3.0,16.372833,-14.425899,0.4875537,0.46380532,-0.08426222,-0.07536048,-0.037695095
476,15.0,-15.0,747.7557,0.0,3.0,16.490221,-14.362333,0.53187674,0.4809163,-0.08357574,-0.07409586,-0.038661446
477,15.0,-15.0,747.7557,0.0,3.0,16.606497,-14.296762,0.5761998,0.49839917,-0.08292729,-0.072839096,-0.039640907
478,15.0,-15.0,747.7557,0.0,3.0,16.721594,-14.229163,0.6205229,0.5162895,-0.08230549,-0.07157754,-0.040630654
479,15.0,-15.0,747.7557,0.0,3.0,16.835442,-14.159516,0.66484594,0.53462,-0.08170134,-0.07030092,-0.041627984
480,15.0,-15.0,747.7557,0.0,3.0,16.94797,-14.087805,0.709169,0.553419,-0.081107244,-0.06900057,-0.042629883
481,15.0,-15.0,747.7557,0.0,3.0,17.059107,-14.014003,0.75349206,0.5727106,-0.080517784,-0.06766998,-0.043633558
482,15.0,-15.0,747.7557,0.0,3.0,17.16878,-13.938088,0.7978151,0.5925149,-0.07992767,-0.06630311,-0.044635523
483,15.0,-15.0,747.7557,0.0,3.0,17.27691,-13.860044,0.8421382,0.6128465,-0.079333425,-0.06489586,-0.04563245
484,15.0,-15.0,747.7557,0.0,3.0,17.38343,-13.77984,0.8864612,0.63371557,-0.07873121,-0.0634442,-0.046620134
485,15.0,-15.0,747.7557,0.0,3.0,17.488258,-13.697465,0.93078434,0.655127,-0.078118116,-0.061945368,-0.04759424
486,15.0,-15.0,747.7557,0.0,3.0,17.591312,-13.612894,0.9751074,0.67708105,-0.07749128,-0.06039708,-0.048549894
487,15.0,-15.0,747.7557,0.0,3.0,17.69251,-13.526113,1.0194304,0.6995731,-0.076847285,-0.058797177,-0.049481288
488,15.0,-15.0,747.7557,0.0,3.0,17.791758,-13.437108,1.0637535,0.72259396,-0.07618344,-0.05714465,-0.05038259
489,15.0,-15.0,747.7557,0.0,3.0,17.88896,-13.345875,1.1080766,0.7461301,-0.075496614,-0.05543877,-0.05124726
490,15.0,-15.0,747.7557,0.0,3.0,17.98402,-13.252411,1.1523997,0.7701648,-0.074784175,-0.05367978,-0.052068748
491,15.0,-15.0,747.7557,0.0,3.0,18.076826,-13.15672,1.1967226,0.7946782,-0.07404344,-0.0518685,-0.05284023
492,15.0,-15.0,747.7557,0.0,3.0,18.167273,-13.058812,1.2410458,0.81964743,-0.07327205,-0.05000663,-0.05355493
493,15.0,-15.0,747.7557,0.0,3.0,18.255249,-12.958716,1.2853688,0.8450487,-0.07246825,-0.048096806,-0.054206505
494,15.0,-15.0,747.7557,0.0,3.0,18.34064,-12.856447,1.3296919,0.8708563,-0.0716304,-0.046142288,-0.054788724
495,15.0,-15.0,747.7557,0.0,3.0,18.423342,-12.752042,1.3740149,0.89704394,-0.070757344,-0.044147123,-0.055295877
496,15.0,-15.0,747.7557,0.0,3.0,18.503242,-12.645539,1.418338,0.9235853,-0.06984845,-0.042116087,-0.0557229
497,15.0,-15.0,747.7557,0.0,3.0,18.58024,-12.536987,1.4626611,0.95045424,-0.068903044,-0.040054273,-0.056065008
498,15.0,-15.0,747.7557,0.0,3.0,18.654242,-12.426433,1.5069841,0.9776241,-0.06792149,-0.03796771,-0.056318574
499,15.0,-15.0,747.7557,0.0,3.0,18.725155,-12.313938,1.5513072,1.0050693,-0.06690392,-0.03586249,-0.05648023
500,15.0,-15.0,747.7557,0.0,3.0,18.792894,-12.199565,1.5956302,1.0327637,-0.06585133,-0.033745352,-0.056547757
501,15.0,-15.0,747.7557,0.0,3.0,18.857388,-12.083381,1.6399534,1.0606827,-0.06476535,-0.031623393,-0.056520008
502,15.0,-15.0,747.7557,0.0,3.0,18.918566,-11.965466,1.6842763,1.0888,-0.06364791,-0.029503928,-0.056396585
503,15.0,-15.0,747.7557,0.0,3.0,18.976358,-11.845884,1.7285994,1.1170906,-0.062501565,-0.027394397,-0.056178223
504,15.0,-15.0,747.7557,0.0,3.0,19.030724,-11.724736,1.7729224,1.1455282,-0.06132977,-0.02530252,-0.055867013
505,15.0,-15.0,747.7557,0.0,3.0,19.081594,-11.602097,1.8172456,1.1740865,-0.06013677,-0.023235997,-0.05546638
506,15.0,-15.0,747.7557,0.0,3.0,19.128931,-11.4780655,1.8615687,1.2027384,-0.0589273,-0.021202287,-0.054980814
507,15.0,-15.0,747.7557,0.0,3.0,19.172691,-11.3527355,1.9058917,1.2314558,-0.057706673,-0.019208549,-0.054415915
508,15.0,-15.0,747.7557,0.0,3.0,19.212841,-11.226209,1.9502147,1.2602104,-0.05648126,-0.01726161,-0.053778894
509,15.0,-15.0,747.7557,0.0,3.0,19.249342,-11.098587,1.9945377,1.2889735,-0.05525708,-0.015367384,-0.05307719
510,15.0,-15.0,747.7557,0.0,3.0,19.282177,-10.969975,2.0388608,1.3177149,-0.054040838,-0.013531198,-0.052319393
511,15.0,-15.0,747.7557,0.0,3.0,19.31132,-10.84048,2.0831838,1.3464047,-0.05283944,-0.011757478,-0.051514734
512,15.0,-15.0,747.7557,0.0,3.0,19.33676,-10.710203,2.127507,1.3750129,-0.051658858,-0.0100494595,-0.050671946
513,15.0,-15.0,747.7557,0.0,3.0,19.358482,-10.579264,2.1718302,1.4035097,-0.05050521,-0.008409493,-0.049800165
514,15.0,-15.0,747.7557,0.0,3.0,19.3765,-10.447762,2.2161531,1.4318657,-0.049383838,-0.006838878,-0.048908006
515,15.0,-15.0,747.7557,0.0,3.0,19.390802,-10.315805,2.2604764,1.4600521,-0.048299108,-0.005337919,-0.048003234
516,15.0,-15.0,747.7557,0.0,3.0,19.401417,-10.183501,2.3047993,1.4880413,-0.047254894,-0.003906119,-0.047093175
517,15.0,-15.0,747.7557,0.0,3.0,19.408352,-10.050952,2.3491223,1.5158062,-0.046253417,-0.0025421996,-0.0461835
518,15.0,-15.0,747.7557,0.0,3.0,19.411646,-9.918252,2.3934453,1.5433222,-0.045297075,-0.0012443408,-0.04527998
519,15.0,-15.0,747.7557,0.0,3.0,19.41132,-9.785507,2.4377685,1.5705663,-0.04438584,-1.0210084e-05,-0.04438584
520,15.0,-15.0,747.7557,0.0,3.0,19.407417,-9.652804,2.4820917,1.5975163,-0.04352026,0.0011627217,-0.043504726
521,15.0,-15.0,747.7557,0.0,3.0,19.399992,-9.520239,2.5264146,1.6241533,-0.04269917,0.0022772157,-0.042638402
522,15.0,-15.0,747.7557,0.0,3.0,19.389078,-9.387896,2.5707376,1.6504601,-0.04192141,0.0033360876,-0.041788455
523,15.0,-15.0,747.7557,0.0,3.0,19.374743,-9.255859,2.6150608,1.6764218,-0.041184906,0.0043420894,-0.040955376
524,15.0,-15.0,747.7557,0.0,3.0,19.357044,-9.124212,2.6593838,1.7020253,-0.040487785,0.0052979337,-0.040139664
525,15.0,-15.0,747.7557,0.0,3.0,19.336039,-8.993025,2.7037067,1.7272608,-0.039827976,0.0062062694,-0.039341453
526,15.0,-15.0,747.7557,0.0,3.0,19.311787,-8.862376,2.7480297,1.7521205,-0.039203126,0.007069586,-0.03856042
527,15.0,-15.0,747.7557,0.0,3.0,19.284367,-8.732332,2.792353,1.7765986,-0.038611654,0.007890389,-0.037796844
528,15.0,-15.0,747.7557,0.0,3.0,19.253836,-8.602961,2.836676,1.800691,-0.03805137,0.008670955,-0.037050255
529,15.0,-15.0,747.7557,0.0,3.0,19.22026,-8.474321,2.880999,1.824397,-0.037521426,0.009413789,-0.036321316
530,15.0,-15.0,747.7557,0.0,3.0,19.18371,-8.346474,2.9253223,1.8477172,-0.037020285,0.010121164,-0.03560988
531,15.0,-15.0,747.7557,0.0,3.0,19.144255,-8.219482,2.9696453,1.8706539,-0.03654742,0.010795527,-0.03491662
532,15.0,-15.0,747.7557,0.0,3.0,19.101957,-8.093388,3.0139682,1.8932111,-0.036102105,0.011439235,-0.034241874
533,15.0,-15.0,747.7557,0.0,3.0,19.056885,-7.968248,3.0582912,1.9153947,-0.035684187,0.012054784,-0.033586357
534,15.0,-15.0,747.7557,0.0,3.0,19.009102,-7.8441033,3.1026144,1.9372119,-0.03529347,0.012644635,-0.032950602
535,15.0,-15.0,747.7557,0.0,3.0,18.958677,-7.721,3.1469374,1.9586705,-0.03492971,0.013211162,-0.032334965
536,15.0,-15.0,747.7557,0.0,3.0,18.905664,-7.5989747,3.1912603,1.9797792,-0.034592558,0.013756641,-0.031739563
537,15.0,-15.0,747.7557,0.0,3.0,18.850134,-7.478069,3.2355838,2.0005488,-0.034281883,0.014283404,-0.031164594
538,15.0,-15.0,747.7557,0.0,3.0,18.792145,-7.3583136,3.2799067,2.0209882,-0.033997197,0.014793483,-0.030609839
539,15.0,-15.0,747.7557,0.0,3.0,18.731756,-7.239743,3.3242297,2.0411096,-0.03373761,0.015288723,-0.030074596
540,15.0,-15.0,747.7557,0.0,3.0,18.669024,-7.122384,3.3685527,2.0609226,-0.03350209,0.015770685,-0.029558005
541,15.0,-15.0,747.7557,0.0,3.0,18.604008,-7.0062623,3.412876,2.0804384,-0.033289302,0.016240679,-0.029058872
542,15.0,-15.0,747.7557,0.0,3.0,18.53676,-6.8914065,3.4571989,2.0996678,-0.033097345,0.016699575,-0.028575487
543,15.0,-15.0,747.7557,0.0,3.0,18.467344,-6.7778373,3.5015218,2.1186206,-0.032924246,0.017147973,-0.0281061
544,15.0,-15.0,747.7557,0.0,3.0,18.395815,-6.6655746,3.5458448,2.1373074,-0.032767747,0.01758617,-0.02764872
545,15.0,-15.0,747.7557,0.0,3.0,18.322216,-6.5546384,3.5901682,2.1557367,-0.032625277,0.018014034,-0.02720116
546,15.0,-15.0,747.7557,0.0,3.0,18.246609,-6.445046,3.6344912,2.1739182,-0.032494012,0.018431136,-0.026761055
547,15.0,-15.0,747.7557,0.0,3.0,18.169043,-6.3368144,3.6788142,2.1918588,-0.032371078,0.018836714,-0.026326124
548,15.0,-15.0,747.7557,0.0,3.0,18.089567,-6.2299533,3.7231374,2.2095668,-0.032253604,0.019229883,-0.02589414
549,15.0,-15.0,747.7557,0.0,3.0,18.00824,-6.124485,3.7674603,2.227048,-0.032138575,0.019609395,-0.025462909
550,15.0,-15.0,747.7557,0.0,3.0,17.925097,-6.020415,3.8117833,2.2443094,-0.03202315,0.019973984,-0.025030425
551,15.0,-15.0,747.7557,0.0,3.0,17.840199,-5.9177547,3.8561063,2.2613547,-0.031904865,0.02032237,-0.024595156
552,15.0,-15.0,747.7557,0.0,3.0,17.753584,-5.816518,3.9004295,2.2781894,-0.031781036,0.020653052,-0.02415545
553,15.0,-15.0,747.7557,0.0,3.0,17.665312,-5.7167106,3.9447525,2.2948165,-0.031649303,0.020964554,-0.023710039
554,15.0,-15.0,747.7557,0.0,3.0,17.575415,-5.6183414,3.9890754,2.3112388,-0.0315081,0.021255825,-0.023258338
555,15.0,-15.0,747.7557,0.0,3.0,17.483946,-5.5214195,4.0333986,2.3274586,-0.03135566,0.021525608,-0.022799686
556,15.0,-15.0,747.7557,0.0,3.0,17.390944,-5.425949,4.0777216,2.3434782,-0.03119069,0.021772914,-0.022333818
557,15.0,-15.0,747.7557,0.0,3.0,17.29646,-5.331935,4.1220446,2.359298,-0.031012442,0.02199706,-0.021860946
558,15.0,-15.0,747.7557,0.0,3.0,17.200527,-5.2393813,4.1663675,2.3749192,-0.030820373,0.022197524,-0.021381427
559,15.0,-15.0,747.7557,0.0,3.0,17.103197,-5.148292,4.210691,2.390342,-0.03061423,0.022373976,-0.020895846
560,15.0,-15.0,747.7557,0.0,3.0,17.004505,-5.058668,4.255014,2.4055665,-0.030394237,0.022526452,-0.020405114
561,15.0,-15.0,747.7557,0.0,3.0,16.904497,-4.9705086,4.299337,2.420593,-0.03016081,0.022655178,-0.019910235
562,15.0,-15.0,747.7557,0.0,3.0,16.803204,-4.883812,4.3436604,2.43542,-0.029914971,0.02276084,-0.019412618
563,15.0,-15.0,747.7557,0.0,3.0,16.70067,-4.7985816,4.3879833,2.4500477,-0.029657487,0.022844026,-0.018913409
564,15.0,-15.0,747.7557,0.0,3.0,16.596933,-4.714812,4.4323063,2.4644752,-0.029389683,0.02290579,-0.01841408
565,15.0,-15.0,747.7557,0.0,3.0,16.492035,-4.6324973,4.4766293,2.4787009,-0.029113185,0.022947475,-0.01791622
566,15.0,-15.0,747.7557,0.0,3.0,16.386007,-4.551635,4.5209527,2.492726,-0.028829183,0.022970205,-0.017421007
567,15.0,-15.0,747.7557,0.0,3.0,16.278885,-4.4722185,4.5652757,2.5065475,-0.02853972,0.022975756,-0.01693016
568,15.0,-15.0,747.7557,0.0,3.0,16.170708,-4.394241,4.6095986,2.5201666,-0.028246436,0.022965739,-0.01644494
569,15.0,-15.0,747.7557,0.0,3.0,16.061506,-4.317691,4.6539216,2.5335815,-0.02795111,0.022941872,-0.015966685
570,15.0,-15.0,747.7557,0.0,3.0,15.951319,-4.242564,4.6982446,2.5467925,-0.027655702,0.022906125,-0.015496686
571,15.0,-15.0,747.7557,0.0,3.0,15.840175,-4.168849,4.7425675,2.5597987,-0.027361933,0.022860298,-0.01503603
572,15.0,-15.0,747.7557,0.0,3.0,15.72811,-4.0965343,4.7868905,2.5725996,-0.027071599,0.022806305,-0.0145857455
573,15.0,-15.0,747.7557,0.0,3.0,15.615153,-4.025607,4.831214,2.5851958,-0.026786443,0.022746071,-0.014146724
574,15.0,-15.0,747.7557,0.0,3.0,15.50134,-3.9560564,4.875537,2.597587,-0.026508007,0.022681374,-0.013719682
575,15.0,-15.0,747.7557,0.0,3.0,15.386695,-3.8878703,4.91986,2.6097732,-0.026237775,0.022613967,-0.013305239
576,15.0,-15.0,747.7557,0.0,3.0,15.27125,-3.8210337,4.9641833,2.6217556,-0.025977094,0.022545524,-0.012903829
577,15.0,-15.0,747.7557,0.0,3.0,15.155039,-3.7555337,5.0085063,2.6335325,-0.02572732,0.0224777,-0.012515913
578,15.0,-15.0,747.7557,0.0,3.0,15.038079,-3.6913552,5.0528293,2.645106,-0.02548911,0.022411596,-0.012141464
579,15.0,-15.0,747.7557,0.0,3.0,14.920406,-3.628483,5.097152,2.656476,-0.025263797,0.022348875,-0.0117808
580,15.0,-15.0,747.7557,0.0,3.0,14.802046,-3.5669005,5.141475,2.6676452,-0.025051955,0.022290569,-0.011433766
581,15.0,-15.0,747.7557,0.0,3.0,14.683019,-3.5065944,5.185798,2.6786115,-0.024854112,0.022237597,-0.011100279
582,15.0,-15.0,747.7557,0.0,3.0,14.563351,-3.447546,5.2301216,2.6893787,-0.024670478,0.022190649,-0.010779962
583,15.0,-15.0,747.7557,0.0,3.0,14.443076,-3.3897421,5.274444,2.6999454,-0.024501514,0.022150565,-0.010472663
584,15.0,-15.0,747.7557,0.0,3.0,14.322205,-3.3331614,5.3187675,2.710315,-0.02434728,0.022117859,-0.010177937
585,15.0,-15.0,747.7557,0.0,3.0,14.200766,-3.2777908,5.363091,2.720487,-0.024207432,0.022092612,-0.009895264
586,15.0,-15.0,747.7557,0.0,3.0,14.078787,-3.2236109,5.4074135,2.730464,-0.024081696,0.022074975,-0.00962411
587,15.0,-15.0,747.7557,0.0,3.0,13.956282,-3.1706052,5.451737,2.7402463,-0.023969863,0.022065118,-0.00936402
588,15.0,-15.0,747.7557,0.0,3.0,13.833272,-3.118756,5.4960594,2.7498355,-0.02387138,0.022062875,-0.009114405
589,15.0,-15.0,747.7557,0.0,3.0,13.709778,-3.0680459,5.540383,2.7592337,-0.023785401,0.022067787,-0.008874573
590,15.0,-15.0,747.7557,0.0,3.0,13.585822,-3.0184555,5.584706,2.7684422,-0.023711149,0.022079429,-0.008643921
591,15.0,-15.0,747.7557,0.0,3.0,13.461425,-2.96997,5.629029,2.7774622,-0.023648087,0.022097573,-0.008421956
592,15.0,-15.0,747.7557,0.0,3.0,13.336599,-2.922567,5.673352,2.7862947,-0.023595069,0.02212139,-0.00820801
593,15.0,-15.0,747.7557,0.0,3.0,13.211365,-2.8762329,5.717675,2.7949417,-0.023551289,0.02215036,-0.008001549
594,15.0,-15.0,747.7557,0.0,3.0,13.085742,-2.830945,5.761998,2.803405,-0.023515645,0.02218366,-0.0078019714
595,15.0,-15.0,747.7557,0.0,3.0,12.959746,-2.786687,5.806321,2.8116846,-0.023487154,0.022220543,-0.007608806
596,15.0,-15.0,747.7557,0.0,3.0,12.833395,-2.743439,5.8506446,2.8197834,-0.023464907,0.022260329,-0.0074215606
597,15.0,-15.0,747.7557,0.0,3.0,12.706701,-2.701183,5.894967,2.8277025,-0.023448054,0.022302372,-0.007239845
598,15.0,-15.0,747.7557,0.0,3.0,12.579683,-2.659899,5.9392905,2.8354428,-0.023435306,0.02234559,-0.0070631616
599,15.0,-15.0,747.7557,0.0,3.0,12.452358,-2.61957,5.983613,2.8430047,-0.023426134,0.022389594,-0.0068912874
600,15.0,-15.0,747.7557,0.0,3.0,12.324735,-2.5801723,6.0279365,2.8503914,-0.023419637,0.022433663,-0.006723851
601,15.0,-15.0,747.7557,0.0,3.0,12.196827,-2.5416913,6.07226,2.8576028,-0.023415003,0.02247712,-0.0065606
602,15.0,-15.0,747.7557,0.0,3.0,12.068658,-2.5041027,6.1165824,2.8646395,-0.023411553,0.02251941,-0.0064013316
603,15.0,-15.0,747.7557,0.0,3.0,11.940231,-2.4673903,6.160906,2.8715036,-0.023408953,0.022560311,-0.006245913
604,15.0,-15.0,747.7557,0.0,3.0,11.811564,-2.4315324,6.205229,2.878195,-0.023406442,0.022599177,-0.006094159
605,15.0,-15.0,747.7557,0.0,3.0,11.682669,-2.3965077,6.249552,2.8847156,-0.02340379,0.022635868,-0.0059459987
606,15.0,-15.0,747.7557,0.0,3.0,11.5535555,-2.3622968,6.2938747,2.8910644,-0.023400705,0.022670172,-0.0058014034
607,15.0,-15.0,747.7557,0.0,3.0,11.424236,-2.328878,6.338198,2.8972437,-0.023397196,0.022702184,-0.005660358
608,15.0,-15.0,747.7557,0.0,3.0,11.294726,-2.2962322,6.3825207,2.9032536,-0.02339271,0.022731433,-0.005522762
609,15.0,-15.0,747.7557,0.0,3.0,11.16503,-2.2643359,6.426844,2.9090946,-0.023387793,0.02275852,-0.0053887605
610,15.0,-15.0,747.7557,0.0,3.0,11.035161,-2.233171,6.4711676,2.9147673,-0.02338231,0.022783376,-0.005258339
611,15.0,-15.0,747.7557,0.0,3.0,10.90513,-2.2027142,6.51549,2.9202707,-0.023376387,0.022806192,-0.005131574
612,15.0,-15.0,747.7557,0.0,3.0,10.774943,-2.1729426,6.5598135,2.9256072,-0.0233705,0.022827502,-0.005008534
613,15.0,-15.0,747.7557,0.0,3.0,10.644616,-2.1438377,6.604136,2.9307756,-0.023364749,0.022847459,-0.0048892815
614,15.0,-15.0,747.7557,0.0,3.0,10.514152,-2.1153746,6.6484594,2.9357772,-0.023359958,0.022866938,-0.004773969
615,15.0,-15.0,747.7557,0.0,3.0,10.383558,-2.087533,6.6927824,2.9406104,-0.023355942,0.02288581,-0.004662591
616,15.0,-15.0,747.7557,0.0,3.0,10.25285,-2.0602903,6.7371054,2.9452763,-0.02335355,0.02290497,-0.0045552924
617,15.0,-15.0,747.7557,0.0,3.0,10.1220255,-2.0336254,6.7814283,2.9497755,-0.02335323,0.022924919,-0.0044521317
618,15.0,-15.0,747.7557,0.0,3.0,9.991098,-2.0075142,6.825752,2.9541073,-0.02335542,0.022946142,-0.0043531917
619,15.0,-15.0,747.7557,0.0,3.0,9.860076,-1.9819345,6.8700743,2.9582715,-0.023360733,0.022969294,-0.00425857
620,15.0,-15.0,747.7557,0.0,3.0,9.728957,-1.9568647,6.9143977,2.9622679,-0.0233696,0.022994854,-0.0041683237
621,15.0,-15.0,747.7557,0.0,3.0,9.597759,-1.932282,6.958721,2.966097,-0.023382355,0.023023205,-0.0040824674
622,15.0,-15.0,747.7557,0.0,3.0,9.46648,-1.9081637,7.0030437,2.9697583,-0.023399543,0.023054933,-0.004001088
623,15.0,-15.0,747.7557,0.0,3.0,9.335126,-1.8844874,7.047367,2.9732523,-0.02342162,0.023090536,-0.0039242078
624,15.0,-15.0,747.7557,0.0,3.0,9.203705,-1.8612298,7.09169,2.9765775,-0.023448791,0.02313026,-0.0038518687
625,15.0,-15.0,747.7557,0.0,3.0,9.072222,-1.8383698,7.136013,2.9797351,-0.023481626,0.023174712,-0.0037841045
626,15.0,-15.0,747.7557,0.0,3.0,8.940677,-1.8158828,7.1803365,2.9827242,-0.023520064,0.023223873,-0.0037208982
627,15.0,-15.0,747.7557,0.0,3.0,8.809079,-1.7937481,7.224659,2.9855442,-0.023564536,0.023278207,-0.0036623033
628,15.0,-15.0,747.7557,0.0,3.0,8.677431,-1.7719413,7.2689824,2.9881957,-0.023614865,0.023337573,-0.0036082596
629,15.0,-15.0,747.7557,0.0,3.0,8.5457325,-1.75044,7.3133054,2.9906785,-0.023671415,0.023402367,-0.0035588057
630,15.0,-15.0,747.7557,0.0,3.0,8.413996,-1.729222,7.3576283,2.9929926,-0.023734007,0.023472443,-0.003513908
631,15.0,-15.0,747.7557,0.0,3.0,8.282215,-1.7082654,7.4019513,2.9951372,-0.023802657,0.02354784,-0.0034735797
632,15.0,-15.0,747.7557,0.0,3.0,8.150401,-1.6875472,7.4462748,2.997112,-0.023877192,0.023628412,-0.0034378017
633,15.0,-15.0,747.7557,0.0,3.0,8.018553,-1.6670443,7.4905972,2.998917,-0.02395733,0.023713902,-0.0034065403
634,15.0,-15.0,747.7557,0.0,3.0,7.8866735,-1.6467354,7.5349207,3.0005543,-0.02404293,0.023804199,-0.0033797438
635,15.0,-15.0,747.7557,0.0,3.0,7.7547665,-1.6265978,7.579244,3.0020201,-0.024133403,0.023898719,-0.0033574346
636,15.0,-15.0,747.7557,0.0,3.0,7.622837,-1.6066096,7.6235666,3.003317,-0.024228524,0.023997268,-0.003339546
637,15.0,-15.0,747.7557,0.0,3.0,7.4908834,-1.5867478,7.66789,3.004444,-0.024327863,0.02409942,-0.0033260863
638,15.0,-15.0,747.7557,0.0,3.0,7.358912,-1.5669914,7.7122126,3.0054011,-0.024430905,0.02420468,-0.0033170055
639,15.0,-15.0,747.7557,0.0,3.0,7.226924,-1.5473177,7.756536,3.0061884,-0.024537157,0.024312563,-0.0033122925
640,15.0,-15.0,747.7557,0.0,3.0,7.094922,-1.5277058,7.800859,3.0068054,-0.024645831,0.024422294,-0.003311894
641,15.0,-15.0,747.7557,0.0,3.0,6.9629107,-1.5081329,7.845182,3.0072527,-0.024756808,0.024533747,-0.0033158339
642,15.0,-15.0,747.7557,0.0,3.0,6.8308916,-1.4885781,7.889505,3.007531,-0.02486911,0.024645964,-0.003324018
643,15.0,-15.0,747.7557,0.0,3.0,6.6988645,-1.4690208,7.9338284,3.0076387,-0.024982173,0.024758372,-0.003336462
644,15.0,-15.0,747.7557,0.0,3.0,6.5668397,-1.4494375,7.978151,3.0075772,-0.02509546,0.024870437,-0.0033531217
645,15.0,-15.0,747.7557,0.0,3.0,6.434814,-1.4298087,8.022474,3.0073466,-0.025208268,0.024981458,-0.0033739542
646,15.0,-15.0,747.7557,0.0,3.0,6.302794,-1.4101125,8.066797,3.0069463,-0.025320042,0.025090866,-0.0033989586
647,15.0,-15.0,747.7557,0.0,3.0,6.1707835,-1.3903288,8.11112,3.006377,-0.025430132,0.025198013,-0.0034280838
648,15.0,-15.0,747.7557,0.0,3.0,6.0387845,-1.3704358,8.155443,3.005639,-0.025538098,0.025302446,-0.00346131
649,15.0,-15.0,747.7557,0.0,3.0,5.906802,-1.3504134,8.199767,3.0047328,-0.025643196,0.025403414,-0.003498577
650,15.0,-15.0,747.7557,0.0,3.0,5.7748404,-1.3302402,8.244089,3.0036583,-0.025745016,0.025500493,-0.0035398721
651,15.0,-15.0,747.7557,0.0,3.0,5.642903,-1.3098966,8.288413,3.0024157,-0.025843088,0.025593199,-0.0035851628
652,15.0,-15.0,747.7557,0.0,3.0,5.510994,-1.2893621,8.332735,3.001006,-0.025936868,0.025680974,-0.0036343806
653,15.0,-15.0,747.7557,0.0,3.0,5.3791194,-1.2686163,8.377059,2.9994295,-0.026026156,0.0257636,-0.003687511
654,15.0,-15.0,747.7557,0.0,3.0,5.247282,-1.2476391,8.421382,2.9976861,-0.026110549,0.025840651,-0.0037445223
655,15.0,-15.0,747.7557,0.0,3.0,5.115492,-1.2264113,8.465705,2.9957767,-0.026189636,0.025911704,-0.0038053496
656,15.0,-15.0,747.7557,0.0,3.0,4.9837494,-1.2049124,8.510028,2.9937017,-0.026263382,0.025976693,-0.0038699736
657,15.0,-15.0,747.7557,0.0,3.0,4.8520613,-1.1831224,8.554351,2.9914625,-0.026331548,0.02603536,-0.003938327
658,15.0,-15.0,747.7557,0.0,3.0,4.720437,-1.1610223,8.598674,2.9890585,-0.026394125,0.026087668,-0.004010412
659,15.0,-15.0,747.7557,0.0,3.0,4.588877,-1.1385926,8.642997,2.9864914,-0.026450995,0.026133476,-0.004086152
660,15.0,-15.0,747.7557,0.0,3.0,4.4573903,-1.1158131,8.687321,2.983762,-0.026502322,0.026172914,-0.0041655335
661,15.0,-15.0,747.7557,0.0,3.0,4.3259845,-1.092666,8.731643,2.9808705,-0.026548106,0.026205953,-0.0042485227
662,15.0,-15.0,747.7557,0.0,3.0,4.1946626,-1.0691293,8.775967,2.977818,-0.026588771,0.026232984,-0.004335126
663,15.0,-15.0,747.7557,0.0,3.0,4.063434,-1.0451862,8.82029,2.974606,-0.026624385,0.026254043,-0.0044252826
664,15.0,-15.0,747.7557,0.0,3.0,3.9323046,-1.0208162,8.864613,2.971235,-0.02665544,0.02626958,-0.004519025
665,15.0,-15.0,747.7557,0.0,3.0,3.8012793,-0.99600065,8.908936,2.9677057,-0.026682299,0.026279923,-0.004616357
666,15.0,-15.0,747.7557,0.0,3.0,3.670368,-0.97071934,8.9532585,2.9640203,-0.026705433,0.026285501,-0.0047172657
667,15.0,-15.0,747.7557,0.0,3.0,3.5395715,-0.94495404,8.9975815,2.9601789,-0.026725415,0.02628684,-0.004821809
668,15.0,-15.0,747.7557,0.0,3.0,3.4089012,-0.9186834,9.041905,2.9561834,-0.026742946,0.026284598,-0.0049300287
669,15.0,-15.0,747.7557,0.0,3.0,3.2783632,-0.89189,9.086227,2.952034,-0.026758622,0.026279308,-0.0050420063
670,15.0,-15.0,747.7557,0.0,3.0,3.1479611,-0.8645527,9.130551,2.9477339,-0.026773248,0.026271736,-0.005157781
671,15.0,-15.0,747.7557,0.0,3.0,3.0177019,-0.83665276,9.174874,2.9432836,-0.026787613,0.026262606,-0.0052774767
672,15.0,-15.0,747.7557,0.0,3.0,2.8875942,-0.8081689,9.219197,2.9386842,-0.02680267,0.026252802,-0.005401246
673,15.0,-15.0,747.7557,0.0,3.0,2.7576396,-0.7790826,9.26352,2.9339373,-0.02681924,0.026243083,-0.00552922
674,15.0,-15.0,747.7557,0.0,3.0,2.6278462,-0.74937266,9.307843,2.9290457,-0.02683838,0.026234431,-0.005661563
675,15.0,-15.0,747.7557,0.0,3.0,2.4982195,-0.71901965,9.352166,2.9240103,-0.026861127,0.0262278,-0.005798502
676,15.0,-15.0,747.7557,0.0,3.0,2.368763,-0.6880022,9.396489,2.9188328,-0.026888493,0.026224118,-0.0059402636
677,15.0,-15.0,747.7557,0.0,3.0,2.2394843,-0.65630096,9.440812,2.913516,-0.026921842,0.02622465,-0.0060871462
678,15.0,-15.0,747.7557,0.0,3.0,2.1103861,-0.62389445,9.485135,2.9080598,-0.026961986,0.0262301,-0.006239432
679,15.0,-15.0,747.7557,0.0,3.0,1.9814737,-0.590763,9.529459,2.9024682,-0.027010564,0.026241997,-0.006397508
680,15.0,-15.0,747.7557,0.0,3.0,1.852756,-0.5568877,9.573781,2.8967426,-0.027068686,0.026261326,-0.0065617436
681,15.0,-15.0,747.7557,0.0,3.0,1.7242339,-0.5222476,9.618105,2.8908854,-0.027137633,0.026289234,-0.006732554
682,15.0,-15.0,747.7557,0.0,3.0,1.5959162,-0.48682484,9.662428,2.8848996,-0.027218778,0.02632695,-0.006910394
683,15.0,-15.0,747.7557,0.0,3.0,1.4678116,-0.4506016,9.706751,2.8787863,-0.02731384,0.026376013,-0.007095905
684,15.0,-15.0,747.7557,0.0,3.0,1.339925,-0.41356117,9.751074,2.8725479,-0.02742419,0.026437612,-0.007289643
685,15.0,-15.0,747.7557,0.0,3.0,1.2122676,-0.37568858,9.795397,2.8661885,-0.027551536,0.026513267,-0.0074922503
686,15.0,-15.0,747.7557,0.0,3.0,1.0848522,-0.33697045,9.83972,2.8597093,-0.027697627,0.026604492,-0.0077045155
687,15.0,-15.0,747.7557,0.0,3.0,0.9576888,-0.29739588,9.884043,2.853114,-0.0278642,0.026712788,-0.007927203
688,15.0,-15.0,747.7557,0.0,3.0,0.8307951,-0.25695723,9.928367,2.846405,-0.028053384,0.026840007,-0.008161273
689,15.0,-15.0,747.7557,0.0,3.0,0.70419294,-0.21564908,9.972689,2.8395848,-0.02826723,0.026987892,-0.008407742
690,15.0,-15.0,747.7557,0.0,3.0,0.57789975,-0.17347099,10.017013,2.8326573,-0.028508041,0.027158407,-0.008667714
691,15.0,-15.0,747.7557,0.0,3.0,0.45194712,-0.13042603,10.061335,2.8256252,-0.028778125,0.027353497,-0.008942405
692,15.0,-15.0,747.7557,0.0,3.0,0.32636148,-0.086521074,10.105659,2.8184917,-0.029080462,0.027575705,-0.009233296
693,15.0,-15.0,747.7557,0.0,3.0,0.20118019,-0.041769322,10.1499815,2.8112597,-0.029417548,0.027827071,-0.009541816
694,15.0,-15.0,747.7557,0.0,3.0,0.07644677,0.0038090823,10.194304,2.8039331,-0.029792432,0.02811013,-0.009869627
695,15.0,-15.0,747.7557,0.0,3.0,-0.04779694,0.050192256,10.238627,2.796515,-0.030208576,0.028427757,-0.010218648
696,15.0,-15.0,747.7557,0.0,3.0,15.018396,-15.027426,0.0,-0.011209652,-0.088714674,-0.0887091,0.0009944398
697,15.0,-15.0,747.7557,0.0,3.0,15.168872,-15.026129,0.049940486,0.009792071,-0.08582293,-0.08581882,-0.00084037083
698,15.0,-15.0,747.7557,0.0,3.0,15.319207,-15.021456,0.09988097,0.030680105,-0.08324876,-0.08320958,-0.00255368
699,15.0,-15.0,747.7557,0.0,3.0,15.469338,-15.013461,0.14982146,0.05147987,-0.08096335,-0.08085609,-0.004166142
700,15.0,-15.0,747.7557,0.0,3.0,15.619215,-15.002184,0.19976194,0.07221906,-0.078936845,-0.07873108,-0.0056957905
701,15.0,-15.0,747.7557,0.0,3.0,15.768788,-14.987679,0.24970241,0.092925146,-0.07713728,-0.076804474,-0.007157681
702,15.0,-15.0,747.7557,0.0,3.0,15.918022,-14.969993,0.29964292,0.11362599,-0.075532764,-0.07504569,-0.008564029
703,15.0,-15.0,747.7557,0.0,3.0,16.06688,-14.949168,0.34958342,0.13434877,-0.074092455,-0.073424794,-0.009924312
704,15.0,-15.0,747.7557,0.0,3.0,16.215303,-14.925257,0.39952388,0.155119,-0.072786786,-0.07191285,-0.011245389
705,15.0,-15.0,747.7557,0.0,3.0,16.363253,-14.898284,0.44946435,0.17596075,-0.07158832,-0.07048292,-0.012531832
706,15.0,-15.0,747.7557,0.0,3.0,16.51066,-14.868285,0.49940482,0.19689573,-0.07047206,-0.06911044,-0.013786167
707,15.0,-15.0,747.7557,0.0,3.0,16.657463,-14.835275,0.5493454,0.2179442,-0.06941649,-0.06777438,-0.015009437
708,15.0,-15.0,747.7557,0.0,3.0,16.803577,-14.799271,0.59928584,0.23912406,-0.06840242,-0.06645608,-0.01620123
709,15.0,-15.0,747.7557,0.0,3.0,16.948923,-14.760275,0.6492263,0.26045188,-0.06741425,-0.06514061,-0.01736033
710,15.0,-15.0,747.7557,0.0,3.0,17.09341,-14.71828,0.69916683,0.2819426,-0.066438965,-0.06381574,-0.018484788
711,15.0,-15.0,747.7557,0.0,3.0,17.236944,-14.673275,0.7491073,0.3036104,-0.06546575,-0.06247156,-0.019572126
712,15.0,-15.0,747.7557,0.0,3.0,17.379435,-14.625248,0.79904777,0.3254689,-0.06448629,-0.061100814,-0.02061969
713,15.0,-15.0,747.7557,0.0,3.0,17.520803,-14.574175,0.84898823,0.34753123,-0.06349371,-0.05969782,-0.021624537
714,15.0,-15.0,747.7557,0.0,3.0,17.660948,-14.520044,0.8989287,0.36981043,-0.06248281,-0.058258716,-0.022583706
715,15.0,-15.0,747.7557,0.0,3.0,17.799793,-14.462826,0.94886917,0.39232007,-0.061450064,-0.056781366,-0.023494402
716,15.0,-15.0,747.7557,0.0,3.0,17.93726,-14.402513,0.99880964,0.4150731,-0.060392156,-0.05526407,-0.024353549
717,15.0,-15.0,747.7557,0.0,3.0,18.073261,-14.339081,1.0487502,0.4380826,-0.059307188,-0.053706612,-0.02515834
718,15.0,-15.0,747.7557,0.0,3.0,18.207731,-14.272512,1.0986907,0.46136114,-0.058194153,-0.052109804,-0.025906138
719,15.0,-15.0,747.7557,0.0,3.0,18.340574,-14.202812,1.1486312,0.48492107,-0.057052746,-0.050475236,-0.026594484
720,15.0,-15.0,747.7557,0.0,3.0,18.471718,-14.129964,1.1985717,0.5087731,-0.05588365,-0.048805583,-0.027221268
721,15.0,-15.0,747.7557,0.0,3.0,18.60108,-14.053975,1.2485121,0.5329268,-0.05468847,-0.047104478,-0.02778483
722,15.0,-15.0,747.7557,0.0,3.0,18.728561,-13.9748535,1.2984526,0.55738974,-0.053469475,-0.04537627,-0.028283902
723,15.0,-15.0,747.7557,0.0,3.0,18.854073,-13.892601,1.3483931,0.5821675,-0.052230492,-0.04362671,-0.028718188
724,15.0,-15.0,747.7557,0.0,3.0,18.977507,-13.807243,1.3983337,0.6072633,-0.050976016,-0.041862153,-0.029088046
725,15.0,-15.0,747.7557,0.0,3.0,19.098763,-13.718798,1.448274,0.63267744,-0.04971094,-0.04008925,-0.029394383
726,15.0,-15.0,747.7557,0.0,3.0,19.217726,-13.627283,1.4982146,0.6584079,-0.04844123,-0.03831543,-0.029639173
727,15.0,-15.0,747.7557,0.0,3.0,19.334284,-13.532741,1.548155,0.68444955,-0.04717306,-0.03654814,-0.029825011
728,15.0,-15.0,747.7557,0.0,3.0,19.448338,-13.435196,1.5980955,0.7107948,-0.045912914,-0.034794807,-0.029955253
729,15.0,-15.0,747.7557,0.0,3.0,19.559757,-13.33469,1.6480361,0.73743296,-0.044667177,-0.033062514,-0.030033765
730,15.0,-15.0,747.7557,0.0,3.0,19.668434,-13.231272,1.6979765,0.7643517,-0.043441825,-0.031357665,-0.03006475
731,15.0,-15.0,747.7557,0.0,3.0,19.774265,-13.124983,1.747917,0.79153645,-0.04224269,-0.02968618,-0.030052882
732,15.0,-15.0,747.7557,0.0,3.0,19.87713,-13.01588,1.7978574,0.8189697,-0.04107464,-0.028052919,-0.030002667
733,15.0,-15.0,747.7557,0.0,3.0,19.976933,-12.904018,1.847798,0.84663355,-0.0399419,-0.026461849,-0.029918654
734,15.0,-15.0,747.7557,0.0,3.0,20.073572,-12.789462,1.8977383,0.87450767,-0.038847677,-0.024915915,-0.02980502
735,15.0,-15.0,747.7557,0.0,3.0,20.166945,-12.672276,1.9476789,0.90257144,-0.037794273,-0.023417091,-0.029665586
736,15.0,-15.0,747.7557,0.0,3.0,20.256964,-12.55254,1.9976193,0.93080235,-0.036783315,-0.021966651,-0.029503873
737,15.0,-15.0,747.7557,0.0,3.0,20.343534,-12.430324,2.04756,0.9591783,-0.035815254,-0.020564863,-0.029322669
738,15.0,-15.0,747.7557,0.0,3.0,20.42657,-12.305712,2.0975003,0.98767626,-0.034889635,-0.019211316,-0.02912408
739,15.0,-15.0,747.7557,0.0,3.0,20.505983,-12.178793,2.147441,1.016273,-0.03400553,-0.017905205,-0.028909855
740,15.0,-15.0,747.7557,0.0,3.0,20.581705,-12.049656,2.1973815,1.0449458,-0.0331615,-0.016645374,-0.028681293
741,15.0,-15.0,747.7557,0.0,3.0,20.653654,-11.918399,2.2473218,1.0736713,-0.032355353,-0.015430285,-0.028438972
742,15.0,-15.0,747.7557,0.0,3.0,20.721758,-11.785126,2.2972624,1.102428,-0.031584814,-0.014258363,-0.02818332
743,15.0,-15.0,747.7557,0.0,3.0,20.785961,-11.64994,2.3472028,1.1311933,-0.030847574,-0.0131281195,-0.027914608
744,15.0,-15.0,747.7557,0.0,3.0,20.8462,-11.512949,2.3971434,1.1599461,-0.030141152,-0.012038044,-0.027632853
745,15.0,-15.0,747.7557,0.0,3.0,20.902435,-11.374266,2.447084,1.1886665,-0.02946331,-0.010986797,-0.027338196
746,15.0,-15.0,747.7557,0.0,3.0,20.954607,-11.234008,2.4970243,1.217335,-0.02881215,-0.009973246,-0.027030988
747,15.0,-15.0,747.7557,0.0,3.0,21.002687,-11.092293,2.546965,1.2459326,-0.028185993,-0.008996396,-0.026711704
748,15.0,-15.0,747.7557,0.0,3.0,21.046644,-10.949239,2.5969052,1.2744423,-0.027583845,-0.008055452,-0.0263814
749,15.0,-15.0,747.7557,0.0,3.0,21.086468,-10.804969,2.6468458,1.3028481,-0.027004985,-0.0071496633,-0.026041342
750,15.0,-15.0,747.7557,0.0,3.0,21.122137,-10.659605,2.6967862,1.3311337,-0.02644888,-0.0062782997,-0.025692921
751,15.0,-15.0,747.7557,0.0,3.0,21.153648,-10.513271,2.7467268,1.3592861,-0.02591574,-0.005440666,-0.025338206
752,15.0,-15.0,747.7557,0.0,3.0,21.180994,-10.366088,2.7966673,1.3872916,-0.025406232,-0.0046360437,-0.024979666
753,15.0,-15.0,747.7557,0.0,3.0,21.204205,-10.21818,2.8466077,1.4151378,-0.024921196,-0.0038635512,-0.02461989
754,15.0,-15.0,747.7557,0.0,3.0,21.223274,-10.069667,2.896548,1.4428144,-0.024461422,-0.003122082,-0.024261363
755,15.0,-15.0,747.7557,0.0,3.0,21.238232,-9.920669,2.9464889,1.4703115,-0.024028147,-0.0024104025,-0.02390694
756,15.0,-15.0,747.7557,0.0,3.0,21.24909,-9.771304,2.9964292,1.4976199,-0.023622552,-0.0017270724,-0.023559334
757,15.0,-15.0,747.7557,0.0,3.0,21.255886,-9.621685,3.0463696,1.5247322,-0.023245543,-0.0010704062,-0.023220886
758,15.0,-15.0,747.7557,0.0,3.0,21.25865,-9.4719305,3.09631,1.5516412,-0.022897968,-0.00043858608,-0.022893768
759,15.0,-15.0,747.7557,0.0,3.0,21.257408,-9.322147,3.1462507,1.5783417,-0.022580316,0.0001703758,-0.022579674
760,15.0,-15.0,747.7557,0.0,3.0,21.252209,-9.1724415,3.196191,1.6048276,-0.022292811,0.0007585073,-0.022279903
761,15.0,-15.0,747.7557,0.0,3.0,21.243082,-9.022917,3.2461314,1.6310956,-0.022035215,0.0013279035,-0.021995166
762,15.0,-15.0,747.7557,0.0,3.0,21.230064,-8.873677,3.2960722,1.6571418,-0.02180682,0.0018805815,-0.021725578
763,15.0,-15.0,747.7557,0.0,3.0,21.213196,-8.72482,3.3460126,1.6829635,-0.021606501,0.0024184613,-0.021470724
764,15.0,-15.0,747.7557,0.0,3.0,21.192535,-8.576434,3.395953,1.7085593,-0.021432653,0.0029432948,-0.021229593
765,15.0,-15.0,747.7557,0.0,3.0,21.168106,-8.428617,3.4458933,1.7339271,-0.021283306,0.0034565842,-0.021000741
766,15.0,-15.0,747.7557,0.0,3.0,21.139973,-8.281451,3.495834,1.7590674,-0.021156099,0.003959593,-0.020782256
767,15.0,-15.0,747.7557,0.0,3.0,21.108166,-8.135023,3.5457745,1.7839783,-0.021048095,0.0044531655,-0.020571621
768,15.0,-15.0,747.7557,0.0,3.0,21.072752,-7.989418,3.5957148,1.8086617,-0.020956285,0.004937901,-0.020366224
769,15.0,-15.0,747.7557,0.0,3.0,21.033762,-7.84471,3.6456556,1.8331165,-0.020877536,0.0054140063,-0.020163335
770,15.0,-15.0,747.7557,0.0,3.0,20.991262,-7.7009783,3.695596,1.8573445,-0.020808244,0.005881301,-0.019959792
771,15.0,-15.0,747.7557,0.0,3.0,20.9453,-7.5582943,3.7455363,1.881346,-0.020744856,0.0063392557,-0.019752542
772,15.0,-15.0,747.7557,0.0,3.0,20.895937,-7.416729,3.7954767,1.905123,-0.020684123,0.0067871474,-0.019538874
773,15.0,-15.0,747.7557,0.0,3.0,20.843224,-7.2763515,3.8454175,1.9286764,-0.0206224,0.0072238077,-0.019315796
774,15.0,-15.0,747.7557,0.0,3.0,20.787222,-7.1372304,3.8953578,1.9520061,-0.020556469,0.007647904,-0.019080827
775,15.0,-15.0,747.7557,0.0,3.0,20.72799,-6.9994254,3.9452982,1.9751146,-0.020483501,0.008058047,-0.018831933
776,15.0,-15.0,747.7557,0.0,3.0,20.665594,-6.8629994,3.9952385,1.9980025,-0.02040068,0.008452608,-0.018567208
777,15.0,-15.0,747.7557,0.0,3.0,20.600086,-6.7280097,4.0451794,2.020671,-0.020305485,0.008829892,-0.018285124
778,15.0,-15.0,747.7557,0.0,3.0,20.531548,-6.5945168,4.09512,2.0431197,-0.020196125,0.009188358,-0.017984927
779,15.0,-15.0,747.7557,0.0,3.0,20.460026,-6.4625707,4.14506,2.0653493,-0.020070732,0.009526337,-0.017665876
780,15.0,-15.0,747.7557,0.0,3.0,20.385601,-6.3322234,4.1950006,2.0873597,-0.019928548,0.009842607,-0.017328305
781,15.0,-15.0,747.7557,0.0,3.0,20.308325,-6.2035265,4.244941,2.1091506,-0.019768616,0.01013584,-0.016972417
782,15.0,-15.0,747.7557,0.0,3.0,20.228273,-6.0765266,4.294882,2.130721,-0.019590702,0.010405062,-0.016599106
783,15.0,-15.0,747.7557,0.0,3.0,20.145514,-5.9512672,4.344822,2.1520708,-0.019395005,0.0106495945,-0.016209638
784,15.0,-15.0,747.7557,0.0,3.0,20.060106,-5.827786,4.394763,2.1731985,-0.019182034,0.01086899,-0.015805552
785,15.0,-15.0,747.7557,0.0,3.0,19.972126,-5.7061257,4.444703,2.1941023,-0.018952897,0.011063235,-0.015388864
786,15.0,-15.0,747.7557,0.0,3.0,19.881636,-5.5863194,4.4946437,2.2147803,-0.018708644,0.011232413,-0.014961493
787,15.0,-15.0,747.7557,0.0,3.0,19.788698,-5.468401,4.5445843,2.2352307,-0.018451296,0.011377326,-0.014526073
788,15.0,-15.0,747.7557,0.0,3.0,19.693384,-5.3524017,4.594525,2.2554512,-0.018182388,0.011498647,-0.014084756
789,15.0,-15.0,747.7557,0.0,3.0,19.59576,-5.238347,4.644465,2.275439,-0.017904043,0.011597553,-0.01364007
790,15.0,-15.0,747.7557,0.0,3.0,19.495893,-5.126261,4.6944056,2.2951932,-0.017618481,0.011675484,-0.013194468
791,15.0,-15.0,747.7557,0.0,3.0,19.393843,-5.016166,4.744346,2.3147092,-0.017328085,0.011734099,-0.01275043
792,15.0,-15.0,747.7557,0.0,3.0,19.289677,-4.90808,4.7942867,2.3339858,-0.017035207,0.011775243,-0.012310238
793,15.0,-15.0,747.7557,0.0,3.0,19.183458,-4.802018,4.844227,2.35302,-0.01674211,0.011800818,-0.011875981
794,15.0,-15.0,747.7557,0.0,3.0,19.075249,-4.697993,4.894168,2.3718097,-0.016451126,0.011812924,-0.011449645
795,15.0,-15.0,747.7557,0.0,3.0,18.965115,-4.596016,4.944108,2.3903513,-0.016164497,0.011813696,-0.011033022
796,15.0,-15.0,747.7557,0.0,3.0,18.853115,-4.4960957,4.9940486,2.4086437,-0.015884595,0.011805505,-0.010627815
797,15.0,-15.0,747.7557,0.0,3.0,18.739317,-4.3982344,5.0439887,2.4266846,-0.015612774,0.011790041,-0.010234923
798,15.0,-15.0,747.7557,0.0,3.0,18.62377,-4.302435,5.09393,2.4444714,-0.015351377,0.011769801,-0.009855788
799,15.0,-15.0,747.7557,0.0,3.0,18.506544,-4.2087,5.14387,2.462003,-0.015101908,0.011746727,-0.009491156
800,15.0,-15.0,747.7557,0.0,3.0,18.387701,-4.117026,5.1938105,2.4792767,-0.014865575,0.011722548,-0.009141509
801,15.0,-15.0,747.7557,0.0,3.0,18.267284,-4.0274076,5.243751,2.4962914,-0.014643559,0.011699012,-0.00880721
802,15.0,-15.0,747.7557,0.0,3.0,18.14537,-3.9398403,5.2936916,2.5130455,-0.014436737,0.011677625,-0.008488371
803,15.0,-15.0,747.7557,0.0,3.0,18.022007,-3.8543167,5.3436317,2.52954,-0.014246091,0.011660004,-0.008185073
804,15.0,-15.0,747.7557,0.0,3.0,17.897245,-3.770824,5.3935723,2.5457702,-0.014071908,0.011647138,-0.00789701
805,15.0,-15.0,747.7557,0.0,3.0,17.771143,-3.6893528,5.443513,2.5617392,-0.013914477,0.011640058,-0.0076237614
806,15.0,-15.0,747.7557,0.0,3.0,17.643759,-3.6098876,5.4934535,2.5774448,-0.013773967,0.0116396155,-0.0073648836
807,15.0,-15.0,747.7557,0.0,3.0,17.515144,-3.5324152,5.5433936,2.5928855,-0.013650259,0.011646395,-0.0071197655
808,15.0,-15.0,747.7557,0.0,3.0,17.385344,-3.4569187,5.5933347,2.6080625,-0.013543034,0.011660784,-0.0068876627
809,15.0,-15.0,747.7557,0.0,3.0,17.254414,-3.3833802,5.643275,2.622976,-0.013452187,0.011683301,-0.0066679684
810,15.0,-15.0,747.7557,0.0,3.0,17.122398,-3.3117802,5.6932154,2.6376255,-0.013376825,0.011713734,-0.006459713
811,15.0,-15.0,747.7557,0.0,3.0,16.989347,-3.2420993,5.7431555,2.652011,-0.013316365,0.011752087,-0.0062621115
812,15.0,-15.0,747.7557,0.0,3.0,16.855307,-3.1743147,5.793096,2.6661332,-0.013270162,0.011798269,-0.006074377
813,15.0,-15.0,747.7557,0.0,3.0,16.720324,-3.1084042,5.8430367,2.6799924,-0.013237314,0.01185191,-0.0058956537
814,15.0,-15.0,747.7557,0.0,3.0,16.584438,-3.0443442,5.8929777,2.6935892,-0.013216736,0.011912426,-0.0057250517
815,15.0,-15.0,747.7557,0.0,3.0,16.447695,-2.9821112,5.9429173,2.7069242,-0.013207791,0.011979595,-0.005561929
816,15.0,-15.0,747.7557,0.0,3.0,16.310127,-2.9216793,5.9928584,2.7199976,-0.0132091455,0.012052519,-0.0054053976
817,15.0,-15.0,747.7557,0.0,3.0,16.171783,-2.863021,6.042799,2.7328103,-0.013219919,0.01213067,-0.0052548167
818,15.0,-15.0,747.7557,0.0,3.0,16.032696,-2.8061128,6.092739,2.7453625,-0.013239071,0.01221334,-0.0051095304
819,15.0,-15.0,747.7557,0.0,3.0,15.892906,-2.7509232,6.1426797,2.7576563,-0.01326542,0.012299662,-0.0049688695
820,15.0,-15.0,747.7557,0.0,3.0,15.752443,-2.6974268,6.19262,2.7696908,-0.013298187,0.0123890955,-0.0048324014
821,15.0,-15.0,747.7557,0.0,3.0,15.611345,-2.6455925,6.2425604,2.7814684,-0.013336189,0.012480713,-0.004699547
822,15.0,-15.0,747.7557,0.0,3.0,15.469643,-2.5953932,6.2925014,2.7929883,-0.013378471,0.012573761,-0.0045699044
823,15.0,-15.0,747.7557,0.0,3.0,15.32737,-2.5467978,6.3424416,2.8042521,-0.013424192,0.0126675805,-0.004443121
824,15.0,-15.0,747.7557,0.0,3.0,15.18455,-2.4997764,6.392382,2.815261,-0.013472281,0.012761276,-0.0043188166
825,15.0,-15.0,747.7557,0.0,3.0,15.041223,-2.4542983,6.4423227,2.8260145,-0.013522213,0.012854448,-0.0041968366
826,15.0,-15.0,747.7557,0.0,3.0,14.897411,-2.4103339,6.492263,2.8365145,-0.013572957,0.012946205,-0.0040768785
827,15.0,-15.0,747.7557,0.0,3.0,14.753136,-2.3678493,6.5422034,2.8467622,-0.01362415,0.013036287,-0.0039588735
828,15.0,-15.0,747.7557,0.0,3.0,14.60843,-2.3268158,6.5921445,2.8567579,-0.0136749055,0.013123917,-0.0038426332
829,15.0,-15.0,747.7557,0.0,3.0,14.46332,-2.287201,6.642084,2.8665013,-0.013724837,0.013208789,-0.0037281436
830,15.0,-15.0,747.7557,0.0,3.0,14.317824,-2.2489703,6.692025,2.875995,-0.013773451,0.013290496,-0.0036153393
831,15.0,-15.0,747.7557,0.0,3.0,14.171969,-2.2120955,6.7419653,2.8852377,-0.01382044,0.013368797,-0.0035042597
832,15.0,-15.0,747.7557,0.0,3.0,14.025768,-2.1765413,6.791906,2.894233,-0.013865475,0.013443441,-0.0033948899
833,15.0,-15.0,747.7557,0.0,3.0,13.879257,-2.1422772,6.8418465,2.90298,-0.013908552,0.013514479,-0.003287352
834,15.0,-15.0,747.7557,0.0,3.0,13.732446,-2.109269,6.8917866,2.9114795,-0.01394932,0.013581623,-0.0031816685
835,15.0,-15.0,747.7557,0.0,3.0,13.585355,-2.0774844,6.941727,2.9197326,-0.013987947,0.0136451,-0.0030779708
836,15.0,-15.0,747.7557,0.0,3.0,13.437999,-2.0468898,6.991668,2.9277403,-0.01402444,0.013704971,-0.0029763514
837,15.0,-15.0,747.7557,0.0,3.0,13.290405,-2.0174537,7.0416083,2.935504,-0.014058866,0.013761363,-0.002876907
838,15.0,-15.0,747.7557,0.0,3.0,13.142582,-1.9891405,7.091549,2.9430234,-0.014091609,0.013814706,-0.0027798074
839,15.0,-15.0,747.7557,0.0,3.0,12.99455,-1.9619195,7.1414895,2.9503,-0.01412287,0.013865259,-0.002685155
840,15.0,-15.0,747.7557,0.0,3.0,12.846322,-1.9357561,7.1914296,2.9573352,-0.014152911,0.013913338,-0.0025930477
841,15.0,-15.0,747.7557,0.0,3.0,12.697914,-1.9106165,7.24137,2.964129,-0.014182372,0.013959632,-0.0025036659
842,15.0,-15.0,747.7557,0.0,3.0,12.549336,-1.886468,7.2913113,2.9706821,-0.01421145,0.0140043935,-0.0024170787
843,15.0,-15.0,747.7557,0.0,3.0,12.400607,-1.8632762,7.3412514,2.9769967,-0.014240682,0.014048214,-0.0023333898
844,15.0,-15.0,747.7557,0.0,3.0,12.251736,-1.841007,7.391192,2.9830728,-0.014270693,0.014091766,-0.0022527266
845,15.0,-15.0,747.7557,0.0,3.0,12.1027355,-1.8196268,7.441132,2.9889114,-0.014302032,0.014135654,-0.0021751781
846,15.0,-15.0,747.7557,0.0,3.0,11.953612,-1.7991025,7.4910727,2.9945135,-0.014335128,0.014180356,-0.0021008048
847,15.0,-15.0,747.7557,0.0,3.0,11.80438,-1.7793987,7.5410132,2.99988,-0.0143706575,0.0142266,-0.0020296935
848,15.0,-15.0,747.7557,0.0,3.0,11.655052,-1.7604829,7.5909534,3.0050118,-0.014409089,0.014274902,-0.001961893
849,15.0,-15.0,747.7557,0.0,3.0,11.5056305,-1.7423185,7.6408944,3.0099099,-0.014451066,0.014325954,-0.0018974616
850,15.0,-15.0,747.7557,0.0,3.0,11.356126,-1.7248733,7.690835,3.0145743,-0.014497016,0.014380228,-0.0018364398
851,15.0,-15.0,747.7557,0.0,3.0,11.206552,-1.7081132,7.740775,3.0190077,-0.014547475,0.014438309,-0.0017788388
852,15.0,-15.0,747.7557,0.0,3.0,11.056907,-1.6920013,7.7907157,3.0232093,-0.014603095,0.014500886,-0.0017247277
853,15.0,-15.0,747.7557,0.0,3.0,10.907206,-1.676505,7.8406563,3.0271816,-0.014663897,0.014568028,-0.0016740538
854,15.0,-15.0,747.7557,0.0,3.0,10.757447,-1.6615903,7.8905964,3.0309238,-0.01473045,0.014640336,-0.0016268757
855,15.0,-15.0,747.7557,0.0,3.0,10.607641,-1.6472204,7.940537,3.0344374,-0.014802963,0.0147180585,-0.0015831811
856,15.0,-15.0,747.7557,0.0,3.0,10.457791,-1.6333622,7.990478,3.0377233,-0.014881743,0.014801537,-0.0015429789
857,15.0,-15.0,747.7557,0.0,3.0,10.307906,-1.6199816,8.040418,3.0407815,-0.014967006,0.014891016,-0.0015062867
858,15.0,-15.0,747.7557,0.0,3.0,10.157985,-1.6070424,8.090359,3.0436149,-0.015058717,0.0149864955,-0.0014730602
859,15.0,-15.0,747.7557,0.0,3.0,10.008036,-1.5945113,8.140299,3.0462222,-0.015157048,0.015088169,-0.0014433439
860,15.0,-15.0,747.7557,0.0,3.0,9.858055,-1.5823522,8.19024,3.0486052,-0.015261726,0.015195793,-0.0014171047
861,15.0,-15.0,747.7557,0.0,3.0,9.708054,-1.5705314,8.24018,3.0507646,-0.015372826,0.015309459,-0.0013943653
862,15.0,-15.0,747.7557,0.0,3.0,9.55803,-1.5590147,8.29012,3.0526998,-0.015490064,0.0154289035,-0.0013751432
863,15.0,-15.0,747.7557,0.0,3.0,9.407988,-1.5477666,8.340061,3.054414,-0.015613208,0.015553914,-0.0013594143
864,15.0,-15.0,747.7557,0.0,3.0,9.25793,-1.5367527,8.390001,3.0559068,-0.015741963,0.01568421,-0.001347214
865,15.0,-15.0,747.7557,0.0,3.0,9.1078615,-1.5259395,8.439941,3.0571773,-0.015875997,0.015819466,-0.0013385867
866,15.0,-15.0,747.7557,0.0,3.0,8.957777,-1.5152916,8.489882,3.0582287,-0.01601459,0.015958976,-0.0013334933
867,15.0,-15.0,747.7557,0.0,3.0,8.807682,-1.5047765,8.539824,3.0590603,-0.01615764,0.016102642,-0.0013320141
868,15.0,-15.0,747.7557,0.0,3.0,8.657582,-1.4943582,8.589764,3.0596745,-0.016304493,0.016249817,-0.0013341405
869,15.0,-15.0,747.7557,0.0,3.0,8.507474,-1.484004,8.639704,3.0600686,-0.016454631,0.016399981,-0.0013399627
870,15.0,-15.0,747.7557,0.0,3.0,8.35736,-1.4736812,8.689644,3.060248,-0.016607348,0.016552433,-0.0013494312
871,15.0,-15.0,747.7557,0.0,3.0,8.207242,-1.4633548,8.739585,3.0602098,-0.016762368,0.016706888,-0.0013626647
872,15.0,-15.0,747.7557,0.0,3.0,8.057122,-1.4529929,8.789526,3.059956,-0.016918862,0.016862515,-0.0013796643
873,15.0,-15.0,747.7557,0.0,3.0,7.907004,-1.4425615,8.839465,3.0594878,-0.017076446,0.01701892,-0.001400484
874,15.0,-15.0,747.7557,0.0,3.0,7.7568846,-1.4320295,8.889406,3.0588055,-0.01723447,0.017175445,-0.001425164
875,15.0,-15.0,747.7557,0.0,3.0,7.60677,-1.4213622,8.939347,3.0579095,-0.017392734,0.01733187,-0.0014537808
876,15.0,-15.0,747.7557,0.0,3.0,7.456664,-1.4105301,8.989287,3.056801,-0.017550595,0.01748754,-0.00148636
877,15.0,-15.0,747.7557,0.0,3.0,7.3065643,-1.3995001,9.0392275,3.055482,-0.017707624,0.017642012,-0.0015229329
878,15.0,-15.0,747.7557,0.0,3.0,7.1564755,-1.388242,9.089169,3.0539515,-0.017863728,0.017795168,-0.0015635942
879,15.0,-15.0,747.7557,0.0,3.0,7.006404,-1.3767232,9.139109,3.052212,-0.018018622,0.017946696,-0.0016083727
880,15.0,-15.0,747.7557,0.0,3.0,6.856346,-1.3649142,9.18905,3.0502625,-0.018172305,0.018096568,-0.001657374
881,15.0,-15.0,747.7557,0.0,3.0,6.7063107,-1.3527848,9.23899,3.0481055,-0.018324595,0.018244576,-0.0017106204
882,15.0,-15.0,747.7557,0.0,3.0,6.5563025,-1.3403059,9.28893,3.045742,-0.01847573,0.018390924,-0.0017681997
883,15.0,-15.0,747.7557,0.0,3.0,6.406319,-1.3274461,9.338871,3.0431728,-0.018626,0.018535864,-0.0018302094
884,15.0,-15.0,747.7557,0.0,3.0,6.256374,-1.3141781,9.388811,3.0403988,-0.018775754,0.0186797,-0.001896749
885,15.0,-15.0,747.7557,0.0,3.0,6.1064634,-1.300472,9.438751,3.037421,-0.018925693,0.018823097,-0.001967957
886,15.0,-15.0,747.7557,0.0,3.0,5.9565973,-1.2863002,9.488692,3.0342405,-0.019076303,0.018966485,-0.0020439513
887,15.0,-15.0,747.7557,0.0,3.0,5.806783,-1.2716355,9.538632,3.030859,-0.019228473,0.019110704,-0.0021248905
888,15.0,-15.0,747.7557,0.0,3.0,5.657022,-1.2564487,9.588573,3.0272777,-0.01938336,0.019256847,-0.002210985
889,15.0,-15.0,747.7557,0.0,3.0,5.5073237,-1.2407138,9.638514,3.0234973,-0.019542208,0.019406093,-0.0023024825
890,15.0,-15.0,747.7557,0.0,3.0,5.357695,-1.2244045,9.688454,3.01952,-0.019706354,0.019559706,-0.0023996357
891,15.0,-15.0,747.7557,0.0,3.0,5.208141,-1.2074928,9.738395,3.015347,-0.019877365,0.019719172,-0.0025027702
892,15.0,-15.0,747.7557,0.0,3.0,5.0586696,-1.189954,9.788336,3.01098,-0.020057175,0.019886333,-0.0026122807
893,15.0,-15.0,747.7557,0.0,3.0,4.9092917,-1.171762,9.838275,3.0064194,-0.020247826,0.020063125,-0.0027286368
894,15.0,-15.0,747.7557,0.0,3.0,4.76001,-1.1528904,9.888216,3.001668,-0.020451393,0.02025151,-0.0028523256
895,15.0,-15.0,747.7557,0.0,3.0,4.6108346,-1.1333148,9.938157,2.996727,-0.020670552,0.020454034,-0.0029839906
896,15.0,-15.0,747.7557,0.0,3.0,4.461777,-1.1130099,9.988097,2.9915986,-0.020907799,0.020673046,-0.0031242992
897,15.0,-15.0,747.7557,0.0,3.0,4.3128414,-1.0919502,10.038037,2.986284,-0.021166213,0.020911453,-0.0032740962
898,15.0,-15.0,747.7557,0.0,3.0,4.1640406,-1.070112,10.087977,2.9807854,-0.02144895,0.021172222,-0.0034343011
899,15.0,-15.0,747.7557,0.0,3.0,4.0153794,-1.047469,10.137918,2.975106,-0.021759376,0.02145851,-0.0036059336
900,15.0,-15.0,747.7557,0.0,3.0,3.866869,-1.0239977,10.18786,2.969246,-0.022101387,0.021773957,-0.0037902729
901,15.0,-15.0,747.7557,0.0,3.0,3.71852,-0.9996742,10.2378,2.9632084,-0.022478819,0.022122119,-0.003988634
902,15.0,-15.0,747.7557,0.0,3.0,3.570337,-0.97447133,10.28774,2.9569957,-0.022895945,0.02250695,-0.004202558
903,15.0,-15.0,747.7557,0.0,3.0,3.422332,-0.9483673,10.337681,2.9506097,-0.02335729,0.022932611,-0.0044337763
904,15.0,-15.0,747.7557,0.0,3.0,3.2745159,-0.92133677,10.387621,2.944054,-0.023867894,0.023403725,-0.004684231
905,15.0,-15.0,747.7557,0.0,3.0,3.1268926,-0.89335406,10.437561,2.9373298,-0.02443267,0.023924734,-0.0049560554
906,15.0,-15.0,747.7557,0.0,3.0,2.9794743,-0.8643955,10.487502,2.9304407,-0.0250572,0.024500683,-0.0052516493
907,15.0,-15.0,747.7557,0.0,3.0,2.8322706,-0.8344364,10.537442,2.923389,-0.025747154,0.025136635,-0.0055736476
908,15.0,-15.0,747.7557,0.0,3.0,2.685288,-0.80345166,10.587383,2.9161768,-0.026508426,0.025837796,-0.005924944
909,15.0,-15.0,747.7557,0.0,3.0,2.5385382,-0.77141774,10.637323,2.9088087,-0.02734731,0.026609696,-0.006308676
910,15.0,-15.0,747.7557,0.0,3.0,2.3920262,-0.7383094,10.6872635,2.9012873,-0.028270442,0.027458102,-0.0067283427
911,15.0,-15.0,747.7557,0.0,3.0,2.2457628,-0.70410323,10.737205,2.8936143,-0.029284343,0.028388552,-0.0071876855
912,15.0,-15.0,747.7557,0.0,3.0,2.0997605,-0.6687765,10.787145,2.8857949,-0.030395921,0.029406892,-0.007690694
913,15.0,-15.0,747.7557,0.0,3.0,1.9540243,-0.63230515,10.837085,2.8778322,-0.031612046,0.030518789,-0.008241666
914,15.0,-15.0,747.7557,0.0,3.0,1.8085663,-0.5946698,10.887026,2.8697286,-0.032939993,0.031730175,-0.008845295
915,15.0,-15.0,747.7557,0.0,3.0,1.663401,-0.5558492,10.936966,2.8614888,-0.03438641,0.03304626,-0.00950631
916,15.0,-15.0,747.7557,0.0,3.0,1.5185354,-0.51582545,10.986907,2.8531156,-0.035958186,0.03447233,-0.010229837
917,15.0,-15.0,747.7557,0.0,3.0,1.373986,-0.47458237,11.036847,2.8446143,-0.037661873,0.036013227,-0.011021077
918,15.0,-15.0,747.7557,0.0,3.0,1.2297703,-0.43210682,11.086787,2.8359866,-0.0395035,0.037673097,-0.011885465
919,15.0,-15.0,747.7557,0.0,3.0,1.0859019,-0.38838768,11.136728,2.8272395,-0.041488685,0.039455596,-0.0128283575
920,15.0,-15.0,747.7557,0.0,3.0,0.9424025,-0.3434199,11.186669,2.818374,-0.043622326,0.041363474,-0.013855334
921,15.0,-15.0,747.7557,0.0,3.0,0.7992984,-0.29720256,11.236609,2.8093977,-0.045908406,0.04339854,-0.014971592
922,15.0,-15.0,747.7557,0.0,3.0,0.65661144,-0.24973668,11.28655,2.8003128,-0.048349757,0.045561284,-0.016182346
923,15.0,-15.0,747.7557,0.0,3.0,0.51437616,-0.20103316,11.33649,2.7911246,-0.050948165,0.047851134,-0.017492414
924,15.0,-15.0,747.7557,0.0,3.0,0.3726239,-0.15110599,11.386431,2.781838,-0.053703792,0.050265845,-0.018906133
925,15.0,-15.0,747.7557,0.0,3.0,0.23139587,-0.09997934,11.436371,2.7724574,-0.0566156,0.052801955,-0.020427424
926,15.0,-15.0,747.7557,0.0,3.0,0.09073911,-0.047682866,11.486311,2.7629886,-0.05968044,0.05545396,-0.02205931
927,15.0,-15.0,747.7557,0.0,3.0,-0.049300678,0.0057462584,11.536252,2.753436,-0.06289361,0.058214847,-0.023804145
